-- --------------------------------------------------------
-- Host:                         localhost
-- Versión del servidor:         5.6.21 - MySQL Community Server (GPL)
-- SO del servidor:              Win32
-- HeidiSQL Versión:             9.1.0.4867
-- --------------------------------------------------------

/*!40101 SET @OLD_CHARACTER_SET_CLIENT=@@CHARACTER_SET_CLIENT */;
/*!40101 SET NAMES utf8mb4 */;
/*!40014 SET @OLD_FOREIGN_KEY_CHECKS=@@FOREIGN_KEY_CHECKS, FOREIGN_KEY_CHECKS=0 */;
/*!40101 SET @OLD_SQL_MODE=@@SQL_MODE, SQL_MODE='NO_AUTO_VALUE_ON_ZERO' */;

-- Volcando estructura de base de datos para japeto
DROP DATABASE IF EXISTS `japeto`;
CREATE DATABASE IF NOT EXISTS `japeto` /*!40100 DEFAULT CHARACTER SET utf8 */;
USE `japeto`;


-- Volcando estructura para tabla japeto.abonosaldo
DROP TABLE IF EXISTS `abonosaldo`;
CREATE TABLE IF NOT EXISTS `abonosaldo` (
  `IDABONOSALDO` int(11) NOT NULL AUTO_INCREMENT,
  `FECHACREACION` date DEFAULT NULL,
  `TIPODEPAGO` varchar(256) DEFAULT NULL,
  `ESTADOABONO` varchar(45) DEFAULT NULL,
  `MONTOABONO` varchar(45) DEFAULT NULL,
  `FACTURAABONO` int(11) NOT NULL,
  PRIMARY KEY (`IDABONOSALDO`),
  KEY `fk_ABONOSALDO_FACTURA1_idx` (`FACTURAABONO`),
  CONSTRAINT `fk_ABONOSALDO_FACTURA1` FOREIGN KEY (`FACTURAABONO`) REFERENCES `factura` (`IDFACTURA`) ON DELETE NO ACTION ON UPDATE NO ACTION
) ENGINE=InnoDB AUTO_INCREMENT=7 DEFAULT CHARSET=utf8;

-- Volcando datos para la tabla japeto.abonosaldo: ~6 rows (aproximadamente)
/*!40000 ALTER TABLE `abonosaldo` DISABLE KEYS */;
INSERT INTO `abonosaldo` (`IDABONOSALDO`, `FECHACREACION`, `TIPODEPAGO`, `ESTADOABONO`, `MONTOABONO`, `FACTURAABONO`) VALUES
	(1, '2015-02-28', 'EFECTIVO', 'APROBADO', '600000', 13),
	(2, '2015-02-28', 'EFECTIVO', 'APROBADO', '50000', 12),
	(3, '2015-03-01', 'EFECTIVO', 'APROBADO', '750000', 12),
	(4, '2015-03-01', 'EFECTIVO', 'APROBADO', '200000', 13),
	(5, '2015-03-01', 'EFECTIVO', 'APROBADO', '100000', 13),
	(6, '2015-03-01', 'EFECTIVO', 'APROBADO', '100000', 13);
/*!40000 ALTER TABLE `abonosaldo` ENABLE KEYS */;


-- Volcando estructura para tabla japeto.acceso
DROP TABLE IF EXISTS `acceso`;
CREATE TABLE IF NOT EXISTS `acceso` (
  `IDACCESO` int(11) NOT NULL AUTO_INCREMENT,
  `NOMBREACCESO` varchar(256) NOT NULL,
  `CONTRAACCESO` varchar(256) DEFAULT NULL,
  `ROLES_IDROLES` int(11),
  PRIMARY KEY (`IDACCESO`),
  KEY `fk_ACCESO_ROLES1_idx` (`ROLES_IDROLES`),
  CONSTRAINT `fk_ACCESO_ROLES1` FOREIGN KEY (`ROLES_IDROLES`) REFERENCES `roles` (`IDROLES`) ON DELETE NO ACTION ON UPDATE NO ACTION
) ENGINE=InnoDB AUTO_INCREMENT=4 DEFAULT CHARSET=utf8;

-- Volcando datos para la tabla japeto.acceso: ~3 rows (aproximadamente)
/*!40000 ALTER TABLE `acceso` DISABLE KEYS */;
INSERT INTO `acceso` (`IDACCESO`, `NOMBREACCESO`, `CONTRAACCESO`, `ROLES_IDROLES`) VALUES
	(1, 'root', '78fa39bb55f3f90fe4affa81acc43b29', 1),
	(2, 'invitado', 'a6ae8a143d440ab8c006d799f682d48d', 2),
	(3, 'japeto', 'bd99810d82df296b9266ad803a8e62b5', 3);
/*!40000 ALTER TABLE `acceso` ENABLE KEYS */;


-- Volcando estructura para tabla japeto.ciudad
DROP TABLE IF EXISTS `ciudad`;
CREATE TABLE IF NOT EXISTS `ciudad` (
  `IDCIUDAD` int(11) NOT NULL,
  `IDDEPARTAMENTO` int(11) NOT NULL,
  `CDESCRIPCION` varchar(100) DEFAULT NULL,
  `CESTADO` enum('ACTIVA','INACTIVA') DEFAULT 'ACTIVA',
  PRIMARY KEY (`IDCIUDAD`),
  KEY `fk_CIUDAD_DEPARTAMENTO1_idx` (`IDDEPARTAMENTO`),
  CONSTRAINT `fk_CIUDAD_DEPARTAMENTO1` FOREIGN KEY (`IDDEPARTAMENTO`) REFERENCES `departamento` (`IDDEPARTAMENTO`) ON DELETE NO ACTION ON UPDATE NO ACTION
) ENGINE=InnoDB DEFAULT CHARSET=utf8;

-- Volcando datos para la tabla japeto.ciudad: ~1.112 rows (aproximadamente)
/*!40000 ALTER TABLE `ciudad` DISABLE KEYS */;
INSERT INTO `ciudad` (`IDCIUDAD`, `IDDEPARTAMENTO`, `CDESCRIPCION`, `CESTADO`) VALUES
	(1, 1, 'EL ENCANTO', 'ACTIVA'),
	(2, 1, 'LA CHORRERA', 'ACTIVA'),
	(3, 1, 'LA PEDRERA', 'ACTIVA'),
	(4, 1, 'LA VICTORIA', 'ACTIVA'),
	(5, 1, 'LETICIA', 'ACTIVA'),
	(6, 1, 'MIRITI', 'ACTIVA'),
	(7, 1, 'PUERTO ALEGRIA', 'ACTIVA'),
	(8, 1, 'PUERTO ARICA', 'ACTIVA'),
	(9, 1, 'PUERTO NARIÑO', 'ACTIVA'),
	(10, 1, 'PUERTO SANTANDER', 'ACTIVA'),
	(11, 1, 'TURAPACA', 'ACTIVA'),
	(12, 2, 'ABEJORRAL', 'ACTIVA'),
	(13, 2, 'ABRIAQUI', 'ACTIVA'),
	(14, 2, 'ALEJANDRIA', 'ACTIVA'),
	(15, 2, 'AMAGA', 'ACTIVA'),
	(16, 2, 'AMALFI', 'ACTIVA'),
	(17, 2, 'ANDES', 'ACTIVA'),
	(18, 2, 'ANGELOPOLIS', 'ACTIVA'),
	(19, 2, 'ANGOSTURA', 'ACTIVA'),
	(20, 2, 'ANORI', 'ACTIVA'),
	(21, 2, 'ANTIOQUIA', 'ACTIVA'),
	(22, 2, 'ANZA', 'ACTIVA'),
	(23, 2, 'APARTADO', 'ACTIVA'),
	(24, 2, 'ARBOLETES', 'ACTIVA'),
	(25, 2, 'ARGELIA', 'ACTIVA'),
	(26, 2, 'ARMENIA', 'ACTIVA'),
	(27, 2, 'BARBOSA', 'ACTIVA'),
	(28, 2, 'BELLO', 'ACTIVA'),
	(29, 2, 'BELMIRA', 'ACTIVA'),
	(30, 2, 'BETANIA', 'ACTIVA'),
	(31, 2, 'BETULIA', 'ACTIVA'),
	(32, 2, 'BOLIVAR', 'ACTIVA'),
	(33, 2, 'BRICEÑO', 'ACTIVA'),
	(34, 2, 'BURITICA', 'ACTIVA'),
	(35, 2, 'CACERES', 'ACTIVA'),
	(36, 2, 'CAICEDO', 'ACTIVA'),
	(37, 2, 'CALDAS', 'ACTIVA'),
	(38, 2, 'CAMPAMENTO', 'ACTIVA'),
	(39, 2, 'CANASGORDAS', 'ACTIVA'),
	(40, 2, 'CARACOLI', 'ACTIVA'),
	(41, 2, 'CARAMANTA', 'ACTIVA'),
	(42, 2, 'CAREPA', 'ACTIVA'),
	(43, 2, 'CARMEN DE VIBORAL', 'ACTIVA'),
	(44, 2, 'CAROLINA DEL PRINCIPE', 'ACTIVA'),
	(45, 2, 'CAUCASIA', 'ACTIVA'),
	(46, 2, 'CHIGORODO', 'ACTIVA'),
	(47, 2, 'CISNEROS', 'ACTIVA'),
	(48, 2, 'COCORNA', 'ACTIVA'),
	(49, 2, 'CONCEPCION', 'ACTIVA'),
	(50, 2, 'CONCORDIA', 'ACTIVA'),
	(51, 2, 'COPACABANA', 'ACTIVA'),
	(52, 2, 'DABEIBA', 'ACTIVA'),
	(53, 2, 'DONMATIAS', 'ACTIVA'),
	(54, 2, 'EBEJICO', 'ACTIVA'),
	(55, 2, 'EL BAGRE', 'ACTIVA'),
	(56, 2, 'EL PENOL', 'ACTIVA'),
	(57, 2, 'EL RETIRO', 'ACTIVA'),
	(58, 2, 'ENTRERRIOS', 'ACTIVA'),
	(59, 2, 'ENVIGADO', 'ACTIVA'),
	(60, 2, 'FREDONIA', 'ACTIVA'),
	(61, 2, 'FRONTINO', 'ACTIVA'),
	(62, 2, 'GIRALDO', 'ACTIVA'),
	(63, 2, 'GIRARDOTA', 'ACTIVA'),
	(64, 2, 'GOMEZ PLATA', 'ACTIVA'),
	(65, 2, 'GRANADA', 'ACTIVA'),
	(66, 2, 'GUADALUPE', 'ACTIVA'),
	(67, 2, 'GUARNE', 'ACTIVA'),
	(68, 2, 'GUATAQUE', 'ACTIVA'),
	(69, 2, 'HELICONIA', 'ACTIVA'),
	(70, 2, 'HISPANIA', 'ACTIVA'),
	(71, 2, 'ITAGUI', 'ACTIVA'),
	(72, 2, 'ITUANGO', 'ACTIVA'),
	(73, 2, 'JARDIN', 'ACTIVA'),
	(74, 2, 'JERICO', 'ACTIVA'),
	(75, 2, 'LA CEJA', 'ACTIVA'),
	(76, 2, 'LA ESTRELLA', 'ACTIVA'),
	(77, 2, 'LA PINTADA', 'ACTIVA'),
	(78, 2, 'LA UNION', 'ACTIVA'),
	(79, 2, 'LIBORINA', 'ACTIVA'),
	(80, 2, 'MACEO', 'ACTIVA'),
	(81, 2, 'MARINILLA', 'ACTIVA'),
	(82, 2, 'MEDELLIN', 'ACTIVA'),
	(83, 2, 'MONTEBELLO', 'ACTIVA'),
	(84, 2, 'MURINDO', 'ACTIVA'),
	(85, 2, 'MUTATA', 'ACTIVA'),
	(86, 2, 'NARINO', 'ACTIVA'),
	(87, 2, 'NECHI', 'ACTIVA'),
	(88, 2, 'NECOCLI', 'ACTIVA'),
	(89, 2, 'OLAYA', 'ACTIVA'),
	(90, 2, 'PEQUE', 'ACTIVA'),
	(91, 2, 'PUEBLORRICO', 'ACTIVA'),
	(92, 2, 'PUERTO BERRIO', 'ACTIVA'),
	(93, 2, 'PUERTO NARE', 'ACTIVA'),
	(94, 2, 'PUERTO TRIUNFO', 'ACTIVA'),
	(95, 2, 'REMEDIOS', 'ACTIVA'),
	(96, 2, 'RIONEGRO', 'ACTIVA'),
	(97, 2, 'SABANALARGA', 'ACTIVA'),
	(98, 2, 'SABANETA', 'ACTIVA'),
	(99, 2, 'SALGAR', 'ACTIVA'),
	(100, 2, 'SAN ANDRES DE CUERQUIA', 'ACTIVA'),
	(101, 2, 'SAN CARLOS', 'ACTIVA'),
	(102, 2, 'SAN FRANCISCO', 'ACTIVA'),
	(103, 2, 'SAN JERONIMO', 'ACTIVA'),
	(104, 2, 'SAN JOSE DE LA MONTAÑA', 'ACTIVA'),
	(105, 2, 'SAN JUAN DE URABA', 'ACTIVA'),
	(106, 2, 'SAN LUIS', 'ACTIVA'),
	(107, 2, 'SAN PEDRO DE LOS MILAGROS', 'ACTIVA'),
	(108, 2, 'SAN PEDRO DE URABA', 'ACTIVA'),
	(109, 2, 'SAN RAFAEL', 'ACTIVA'),
	(110, 2, 'SAN ROQUE', 'ACTIVA'),
	(111, 2, 'SAN VICENTE', 'ACTIVA'),
	(112, 2, 'SANTA BARBARA', 'ACTIVA'),
	(113, 2, 'SANTA ROSA DE OSOS', 'ACTIVA'),
	(114, 2, 'SANTO DOMINGO', 'ACTIVA'),
	(115, 2, 'SANTUARIO', 'ACTIVA'),
	(116, 2, 'SEGOVIA', 'ACTIVA'),
	(117, 2, 'SONSON', 'ACTIVA'),
	(118, 2, 'SOPETRAN', 'ACTIVA'),
	(119, 2, 'TAMESIS', 'ACTIVA'),
	(120, 2, 'TARAZA', 'ACTIVA'),
	(121, 2, 'TARSO', 'ACTIVA'),
	(122, 2, 'TITIRIBI', 'ACTIVA'),
	(123, 2, 'TOLEDO', 'ACTIVA'),
	(124, 2, 'TURBO', 'ACTIVA'),
	(125, 2, 'URAMITA', 'ACTIVA'),
	(126, 2, 'URRAO', 'ACTIVA'),
	(127, 2, 'VALDIVIA', 'ACTIVA'),
	(128, 2, 'VALPARAISO', 'ACTIVA'),
	(129, 2, 'VEGACHI', 'ACTIVA'),
	(130, 2, 'VENECIA', 'ACTIVA'),
	(131, 2, 'VIGIA DEL FUERTE', 'ACTIVA'),
	(132, 2, 'YALI', 'ACTIVA'),
	(133, 2, 'YARUMAL', 'ACTIVA'),
	(134, 2, 'YOLOMBO', 'ACTIVA'),
	(135, 2, 'YONDO', 'ACTIVA'),
	(136, 2, 'ZARAGOZA', 'ACTIVA'),
	(137, 3, 'ARAUCA', 'ACTIVA'),
	(138, 3, 'ARAUQUITA', 'ACTIVA'),
	(139, 3, 'CRAVO NORTE', 'ACTIVA'),
	(140, 3, 'FORTUL', 'ACTIVA'),
	(141, 3, 'PUERTO RONDON', 'ACTIVA'),
	(142, 3, 'SARAVENA', 'ACTIVA'),
	(143, 3, 'TAME', 'ACTIVA'),
	(144, 4, 'BARANOA', 'ACTIVA'),
	(145, 4, 'BARRANQUILLA', 'ACTIVA'),
	(146, 4, 'CAMPO DE LA CRUZ', 'ACTIVA'),
	(147, 4, 'CANDELARIA', 'ACTIVA'),
	(148, 4, 'GALAPA', 'ACTIVA'),
	(149, 4, 'JUAN DE ACOSTA', 'ACTIVA'),
	(150, 4, 'LURUACO', 'ACTIVA'),
	(151, 4, 'MALAMBO', 'ACTIVA'),
	(152, 4, 'MANATI', 'ACTIVA'),
	(153, 4, 'PALMAR DE VARELA', 'ACTIVA'),
	(154, 4, 'PIOJO', 'ACTIVA'),
	(155, 4, 'POLO NUEVO', 'ACTIVA'),
	(156, 4, 'PONEDERA', 'ACTIVA'),
	(157, 4, 'PUERTO COLOMBIA', 'ACTIVA'),
	(158, 4, 'REPELON', 'ACTIVA'),
	(159, 4, 'SABANAGRANDE', 'ACTIVA'),
	(160, 4, 'SABANALARGA', 'ACTIVA'),
	(161, 4, 'SANTA LUCIA', 'ACTIVA'),
	(162, 4, 'SANTO TOMAS', 'ACTIVA'),
	(163, 4, 'SOLEDAD', 'ACTIVA'),
	(164, 4, 'SUAN', 'ACTIVA'),
	(165, 4, 'TUBARA', 'ACTIVA'),
	(166, 4, 'USIACURI', 'ACTIVA'),
	(167, 5, 'ACHI', 'ACTIVA'),
	(168, 5, 'ALTOS DEL ROSARIO', 'ACTIVA'),
	(169, 5, 'ARENAL', 'ACTIVA'),
	(170, 5, 'ARJONA', 'ACTIVA'),
	(171, 5, 'ARROYOHONDO', 'ACTIVA'),
	(172, 5, 'BARRANCO DE LOBA', 'ACTIVA'),
	(173, 5, 'BRAZUELO DE PAPAYAL', 'ACTIVA'),
	(174, 5, 'CALAMAR', 'ACTIVA'),
	(175, 5, 'CANTAGALLO', 'ACTIVA'),
	(176, 5, 'CARTAGENA DE INDIAS', 'ACTIVA'),
	(177, 5, 'CICUCO', 'ACTIVA'),
	(178, 5, 'CLEMENCIA', 'ACTIVA'),
	(179, 5, 'CORDOBA', 'ACTIVA'),
	(180, 5, 'EL CARMEN DE BOLIVAR', 'ACTIVA'),
	(181, 5, 'EL GUAMO', 'ACTIVA'),
	(182, 5, 'EL PENION', 'ACTIVA'),
	(183, 5, 'HATILLO DE LOBA', 'ACTIVA'),
	(184, 5, 'MAGANGUE', 'ACTIVA'),
	(185, 5, 'MAHATES', 'ACTIVA'),
	(186, 5, 'MARGARITA', 'ACTIVA'),
	(187, 5, 'MARIA LA BAJA', 'ACTIVA'),
	(188, 5, 'MONTECRISTO', 'ACTIVA'),
	(189, 5, 'MORALES', 'ACTIVA'),
	(190, 5, 'MORALES', 'ACTIVA'),
	(191, 5, 'NOROSI', 'ACTIVA'),
	(192, 5, 'PINILLOS', 'ACTIVA'),
	(193, 5, 'REGIDOR', 'ACTIVA'),
	(194, 5, 'RIO VIEJO', 'ACTIVA'),
	(195, 5, 'SAN CRISTOBAL', 'ACTIVA'),
	(196, 5, 'SAN ESTANISLAO', 'ACTIVA'),
	(197, 5, 'SAN FERNANDO', 'ACTIVA'),
	(198, 5, 'SAN JACINTO', 'ACTIVA'),
	(199, 5, 'SAN JACINTO DEL CAUCA', 'ACTIVA'),
	(200, 5, 'SAN JUAN DE NEPOMUCENO', 'ACTIVA'),
	(201, 5, 'SAN MARTIN DE LOBA', 'ACTIVA'),
	(202, 5, 'SAN PABLO', 'ACTIVA'),
	(203, 5, 'SAN PABLO NORTE', 'ACTIVA'),
	(204, 5, 'SANTA CATALINA', 'ACTIVA'),
	(205, 5, 'SANTA CRUZ DE MOMPOX', 'ACTIVA'),
	(206, 5, 'SANTA ROSA', 'ACTIVA'),
	(207, 5, 'SANTA ROSA DEL SUR', 'ACTIVA'),
	(208, 5, 'SIMITI', 'ACTIVA'),
	(209, 5, 'SOPLAVIENTO', 'ACTIVA'),
	(210, 5, 'TALAIGUA NUEVO', 'ACTIVA'),
	(211, 5, 'TUQUISIO', 'ACTIVA'),
	(212, 5, 'TURBACO', 'ACTIVA'),
	(213, 5, 'TURBANA', 'ACTIVA'),
	(214, 5, 'VILLANUEVA', 'ACTIVA'),
	(215, 5, 'ZAMBRANO', 'ACTIVA'),
	(216, 6, 'AQUITANIA', 'ACTIVA'),
	(217, 6, 'ARCABUCO', 'ACTIVA'),
	(218, 6, 'BELÉN', 'ACTIVA'),
	(219, 6, 'BERBEO', 'ACTIVA'),
	(220, 6, 'BETÉITIVA', 'ACTIVA'),
	(221, 6, 'BOAVITA', 'ACTIVA'),
	(222, 6, 'BOYACÁ', 'ACTIVA'),
	(223, 6, 'BRICEÑO', 'ACTIVA'),
	(224, 6, 'BUENAVISTA', 'ACTIVA'),
	(225, 6, 'BUSBANZÁ', 'ACTIVA'),
	(226, 6, 'CALDAS', 'ACTIVA'),
	(227, 6, 'CAMPO HERMOSO', 'ACTIVA'),
	(228, 6, 'CERINZA', 'ACTIVA'),
	(229, 6, 'CHINAVITA', 'ACTIVA'),
	(230, 6, 'CHIQUINQUIRÁ', 'ACTIVA'),
	(231, 6, 'CHÍQUIZA', 'ACTIVA'),
	(232, 6, 'CHISCAS', 'ACTIVA'),
	(233, 6, 'CHITA', 'ACTIVA'),
	(234, 6, 'CHITARAQUE', 'ACTIVA'),
	(235, 6, 'CHIVATÁ', 'ACTIVA'),
	(236, 6, 'CIÉNEGA', 'ACTIVA'),
	(237, 6, 'CÓMBITA', 'ACTIVA'),
	(238, 6, 'COPER', 'ACTIVA'),
	(239, 6, 'CORRALES', 'ACTIVA'),
	(240, 6, 'COVARACHÍA', 'ACTIVA'),
	(241, 6, 'CUBARA', 'ACTIVA'),
	(242, 6, 'CUCAITA', 'ACTIVA'),
	(243, 6, 'CUITIVA', 'ACTIVA'),
	(244, 6, 'DUITAMA', 'ACTIVA'),
	(245, 6, 'EL COCUY', 'ACTIVA'),
	(246, 6, 'EL ESPINO', 'ACTIVA'),
	(247, 6, 'FIRAVITOBA', 'ACTIVA'),
	(248, 6, 'FLORESTA', 'ACTIVA'),
	(249, 6, 'GACHANTIVÁ', 'ACTIVA'),
	(250, 6, 'GÁMEZA', 'ACTIVA'),
	(251, 6, 'GARAGOA', 'ACTIVA'),
	(252, 6, 'GUACAMAYAS', 'ACTIVA'),
	(253, 6, 'GÜICÁN', 'ACTIVA'),
	(254, 6, 'IZA', 'ACTIVA'),
	(255, 6, 'JENESANO', 'ACTIVA'),
	(256, 6, 'JERICÓ', 'ACTIVA'),
	(257, 6, 'LA UVITA', 'ACTIVA'),
	(258, 6, 'LA VICTORIA', 'ACTIVA'),
	(259, 6, 'LABRANZA GRANDE', 'ACTIVA'),
	(260, 6, 'MACANAL', 'ACTIVA'),
	(261, 6, 'MARIPÍ', 'ACTIVA'),
	(262, 6, 'MIRAFLORES', 'ACTIVA'),
	(263, 6, 'MONGUA', 'ACTIVA'),
	(264, 6, 'MONGUÍ', 'ACTIVA'),
	(265, 6, 'MONIQUIRÁ', 'ACTIVA'),
	(266, 6, 'MOTAVITA', 'ACTIVA'),
	(267, 6, 'MUZO', 'ACTIVA'),
	(268, 6, 'NOBSA', 'ACTIVA'),
	(269, 6, 'NUEVO COLÓN', 'ACTIVA'),
	(270, 6, 'OICATÁ', 'ACTIVA'),
	(271, 6, 'OTANCHE', 'ACTIVA'),
	(272, 6, 'PACHAVITA', 'ACTIVA'),
	(273, 6, 'PÁEZ', 'ACTIVA'),
	(274, 6, 'PAIPA', 'ACTIVA'),
	(275, 6, 'PAJARITO', 'ACTIVA'),
	(276, 6, 'PANQUEBA', 'ACTIVA'),
	(277, 6, 'PAUNA', 'ACTIVA'),
	(278, 6, 'PAYA', 'ACTIVA'),
	(279, 6, 'PAZ DE RÍO', 'ACTIVA'),
	(280, 6, 'PESCA', 'ACTIVA'),
	(281, 6, 'PISBA', 'ACTIVA'),
	(282, 6, 'PUERTO BOYACA', 'ACTIVA'),
	(283, 6, 'QUÍPAMA', 'ACTIVA'),
	(284, 6, 'RAMIRIQUÍ', 'ACTIVA'),
	(285, 6, 'RÁQUIRA', 'ACTIVA'),
	(286, 6, 'RONDÓN', 'ACTIVA'),
	(287, 6, 'SABOYÁ', 'ACTIVA'),
	(288, 6, 'SÁCHICA', 'ACTIVA'),
	(289, 6, 'SAMACÁ', 'ACTIVA'),
	(290, 6, 'SAN EDUARDO', 'ACTIVA'),
	(291, 6, 'SAN JOSÉ DE PARE', 'ACTIVA'),
	(292, 6, 'SAN LUÍS DE GACENO', 'ACTIVA'),
	(293, 6, 'SAN MATEO', 'ACTIVA'),
	(294, 6, 'SAN MIGUEL DE SEMA', 'ACTIVA'),
	(295, 6, 'SAN PABLO DE BORBUR', 'ACTIVA'),
	(296, 6, 'SANTA MARÍA', 'ACTIVA'),
	(297, 6, 'SANTA ROSA DE VITERBO', 'ACTIVA'),
	(298, 6, 'SANTA SOFÍA', 'ACTIVA'),
	(299, 6, 'SANTANA', 'ACTIVA'),
	(300, 6, 'SATIVANORTE', 'ACTIVA'),
	(301, 6, 'SATIVASUR', 'ACTIVA'),
	(302, 6, 'SIACHOQUE', 'ACTIVA'),
	(303, 6, 'SOATÁ', 'ACTIVA'),
	(304, 6, 'SOCHA', 'ACTIVA'),
	(305, 6, 'SOCOTÁ', 'ACTIVA'),
	(306, 6, 'SOGAMOSO', 'ACTIVA'),
	(307, 6, 'SORA', 'ACTIVA'),
	(308, 6, 'SORACÁ', 'ACTIVA'),
	(309, 6, 'SOTAQUIRÁ', 'ACTIVA'),
	(310, 6, 'SUSACÓN', 'ACTIVA'),
	(311, 6, 'SUTARMACHÁN', 'ACTIVA'),
	(312, 6, 'TASCO', 'ACTIVA'),
	(313, 6, 'TIBANÁ', 'ACTIVA'),
	(314, 6, 'TIBASOSA', 'ACTIVA'),
	(315, 6, 'TINJACÁ', 'ACTIVA'),
	(316, 6, 'TIPACOQUE', 'ACTIVA'),
	(317, 6, 'TOCA', 'ACTIVA'),
	(318, 6, 'TOGÜÍ', 'ACTIVA'),
	(319, 6, 'TÓPAGA', 'ACTIVA'),
	(320, 6, 'TOTA', 'ACTIVA'),
	(321, 6, 'TUNJA', 'ACTIVA'),
	(322, 6, 'TUNUNGUÁ', 'ACTIVA'),
	(323, 6, 'TURMEQUÉ', 'ACTIVA'),
	(324, 6, 'TUTA', 'ACTIVA'),
	(325, 6, 'TUTAZÁ', 'ACTIVA'),
	(326, 6, 'UMBITA', 'ACTIVA'),
	(327, 6, 'VENTA QUEMADA', 'ACTIVA'),
	(328, 6, 'VILLA DE LEYVA', 'ACTIVA'),
	(329, 6, 'VIRACACHÁ', 'ACTIVA'),
	(330, 6, 'ZETAQUIRA', 'ACTIVA'),
	(331, 7, 'AGUADAS', 'ACTIVA'),
	(332, 7, 'ANSERMA', 'ACTIVA'),
	(333, 7, 'ARANZAZU', 'ACTIVA'),
	(334, 7, 'BELALCAZAR', 'ACTIVA'),
	(335, 7, 'CHINCHINÁ', 'ACTIVA'), 
	(336, 7, 'FILADELFIA', 'ACTIVA'),
	(337, 7, 'LA DORADA', 'ACTIVA'),
	(338, 7, 'LA MERCED', 'ACTIVA'),
	(339, 7, 'MANIZALES', 'ACTIVA'),
	(340, 7, 'MANZANARES', 'ACTIVA'),
	(341, 7, 'MARMATO', 'ACTIVA'),
	(342, 7, 'MARQUETALIA', 'ACTIVA'),
	(343, 7, 'MARULANDA', 'ACTIVA'),
	(344, 7, 'NEIRA', 'ACTIVA'),
	(345, 7, 'NORCASIA', 'ACTIVA'),
	(346, 7, 'PACORA', 'ACTIVA'),
	(347, 7, 'PALESTINA', 'ACTIVA'),
	(348, 7, 'PENSILVANIA', 'ACTIVA'),
	(349, 7, 'RIOSUCIO', 'ACTIVA'),
	(350, 7, 'RISARALDA', 'ACTIVA'),
	(351, 7, 'SALAMINA', 'ACTIVA'),
	(352, 7, 'SAMANA', 'ACTIVA'),
	(353, 7, 'SAN JOSE', 'ACTIVA'),
	(354, 7, 'SUPÍA', 'ACTIVA'),
	(355, 7, 'VICTORIA', 'ACTIVA'),
	(356, 7, 'VILLAMARÍA', 'ACTIVA'),
	(357, 7, 'VITERBO', 'ACTIVA'),
	(358, 8, 'ALBANIA', 'ACTIVA'),
	(359, 8, 'BELÉN ANDAQUIES', 'ACTIVA'),
	(360, 8, 'CARTAGENA DEL CHAIRA', 'ACTIVA'),
	(361, 8, 'CURILLO', 'ACTIVA'),
	(362, 8, 'EL DONCELLO', 'ACTIVA'),
	(363, 8, 'EL PAUJIL', 'ACTIVA'),
	(364, 8, 'FLORENCIA', 'ACTIVA'),
	(365, 8, 'LA MONTAÑITA', 'ACTIVA'),
	(366, 8, 'MILÁN', 'ACTIVA'),
	(367, 8, 'MORELIA', 'ACTIVA'),
	(368, 8, 'PUERTO RICO', 'ACTIVA'),
	(369, 8, 'SAN  VICENTE DEL CAGUAN', 'ACTIVA'),
	(370, 8, 'SAN JOSÉ DE FRAGUA', 'ACTIVA'),
	(371, 8, 'SOLANO', 'ACTIVA'),
	(372, 8, 'SOLITA', 'ACTIVA'),
	(373, 8, 'VALPARAÍSO', 'ACTIVA'),
	(374, 9, 'AGUAZUL', 'ACTIVA'),
	(375, 9, 'CHAMEZA', 'ACTIVA'),
	(376, 9, 'HATO COROZAL', 'ACTIVA'),
	(377, 9, 'LA SALINA', 'ACTIVA'),
	(378, 9, 'MANÍ', 'ACTIVA'),
	(379, 9, 'MONTERREY', 'ACTIVA'),
	(380, 9, 'NUNCHIA', 'ACTIVA'),
	(381, 9, 'OROCUE', 'ACTIVA'),
	(382, 9, 'PAZ DE ARIPORO', 'ACTIVA'),
	(383, 9, 'PORE', 'ACTIVA'),
	(384, 9, 'RECETOR', 'ACTIVA'),
	(385, 9, 'SABANA LARGA', 'ACTIVA'),
	(386, 9, 'SACAMA', 'ACTIVA'),
	(387, 9, 'SAN LUIS DE PALENQUE', 'ACTIVA'),
	(388, 9, 'TAMARA', 'ACTIVA'),
	(389, 9, 'TAURAMENA', 'ACTIVA'),
	(390, 9, 'TRINIDAD', 'ACTIVA'),
	(391, 9, 'VILLANUEVA', 'ACTIVA'),
	(392, 9, 'YOPAL', 'ACTIVA'),
	(393, 10, 'ALMAGUER', 'ACTIVA'),
	(394, 10, 'ARGELIA', 'ACTIVA'),
	(395, 10, 'BALBOA', 'ACTIVA'),
	(396, 10, 'BOLÍVAR', 'ACTIVA'),
	(397, 10, 'BUENOS AIRES', 'ACTIVA'),
	(398, 10, 'CAJIBIO', 'ACTIVA'),
	(399, 10, 'CALDONO', 'ACTIVA'),
	(400, 10, 'CALOTO', 'ACTIVA'),
	(401, 10, 'CORINTO', 'ACTIVA'),
	(402, 10, 'EL TAMBO', 'ACTIVA'),
	(403, 10, 'FLORENCIA', 'ACTIVA'),
	(404, 10, 'GUAPI', 'ACTIVA'),
	(405, 10, 'INZA', 'ACTIVA'),
	(406, 10, 'JAMBALÓ', 'ACTIVA'),
	(407, 10, 'LA SIERRA', 'ACTIVA'),
	(408, 10, 'LA VEGA', 'ACTIVA'),
	(409, 10, 'LÓPEZ', 'ACTIVA'),
	(410, 10, 'MERCADERES', 'ACTIVA'),
	(411, 10, 'MIRANDA', 'ACTIVA'),
	(412, 10, 'MORALES', 'ACTIVA'),
	(413, 10, 'PADILLA', 'ACTIVA'),
	(414, 10, 'PÁEZ', 'ACTIVA'),
	(415, 10, 'PATIA (EL BORDO)', 'ACTIVA'),
	(416, 10, 'PIAMONTE', 'ACTIVA'),
	(417, 10, 'PIENDAMO', 'ACTIVA'),
	(418, 10, 'POPAYÁN', 'ACTIVA'),
	(419, 10, 'PUERTO TEJADA', 'ACTIVA'),
	(420, 10, 'PURACE', 'ACTIVA'),
	(421, 10, 'ROSAS', 'ACTIVA'),
	(422, 10, 'SAN SEBASTIÁN', 'ACTIVA'),
	(423, 10, 'SANTA ROSA', 'ACTIVA'),
	(424, 10, 'SANTANDER DE QUILICHAO', 'ACTIVA'),
	(425, 10, 'SILVIA', 'ACTIVA'),
	(426, 10, 'SOTARA', 'ACTIVA'),
	(427, 10, 'SUÁREZ', 'ACTIVA'),
	(428, 10, 'SUCRE', 'ACTIVA'),
	(429, 10, 'TIMBÍO', 'ACTIVA'),
	(430, 10, 'TIMBIQUÍ', 'ACTIVA'),
	(431, 10, 'TORIBIO', 'ACTIVA'),
	(432, 10, 'TOTORO', 'ACTIVA'),
	(433, 10, 'VILLA RICA', 'ACTIVA'),
	(434, 11, 'AGUACHICA', 'ACTIVA'),
	(435, 11, 'AGUSTÍN CODAZZI', 'ACTIVA'),
	(436, 11, 'ASTREA', 'ACTIVA'),
	(437, 11, 'BECERRIL', 'ACTIVA'),
	(438, 11, 'BOSCONIA', 'ACTIVA'),
	(439, 11, 'CHIMICHAGUA', 'ACTIVA'),
	(440, 11, 'CHIRIGUANÁ', 'ACTIVA'),
	(441, 11, 'CURUMANÍ', 'ACTIVA'),
	(442, 11, 'EL COPEY', 'ACTIVA'),
	(443, 11, 'EL PASO', 'ACTIVA'),
	(444, 11, 'GAMARRA', 'ACTIVA'),
	(445, 11, 'GONZÁLEZ', 'ACTIVA'),
	(446, 11, 'LA GLORIA', 'ACTIVA'),
	(447, 11, 'LA JAGUA IBIRICO', 'ACTIVA'),
	(448, 11, 'MANAURE BALCÓN DEL CESAR', 'ACTIVA'),
	(449, 11, 'PAILITAS', 'ACTIVA'),
	(450, 11, 'PELAYA', 'ACTIVA'),
	(451, 11, 'PUEBLO BELLO', 'ACTIVA'),
	(452, 11, 'RÍO DE ORO', 'ACTIVA'),
	(453, 11, 'ROBLES (LA PAZ)', 'ACTIVA'),
	(454, 11, 'SAN ALBERTO', 'ACTIVA'),
	(455, 11, 'SAN DIEGO', 'ACTIVA'),
	(456, 11, 'SAN MARTÍN', 'ACTIVA'),
	(457, 11, 'TAMALAMEQUE', 'ACTIVA'),
	(458, 11, 'VALLEDUPAR', 'ACTIVA'),
	(459, 12, 'ACANDI', 'ACTIVA'),
	(460, 12, 'ALTO BAUDO (PIE DE PATO)', 'ACTIVA'),
	(461, 12, 'ATRATO', 'ACTIVA'),
	(462, 12, 'BAGADO', 'ACTIVA'),
	(463, 12, 'BAHIA SOLANO (MUTIS)', 'ACTIVA'),
	(464, 12, 'BAJO BAUDO (PIZARRO)', 'ACTIVA'),
	(465, 12, 'BOJAYA (BELLAVISTA)', 'ACTIVA'),
	(466, 12, 'CANTON DE SAN PABLO', 'ACTIVA'),
	(467, 12, 'CARMEN DEL DARIEN', 'ACTIVA'),
	(468, 12, 'CERTEGUI', 'ACTIVA'),
	(469, 12, 'CONDOTO', 'ACTIVA'),
	(470, 12, 'EL CARMEN', 'ACTIVA'),
	(471, 12, 'ISTMINA', 'ACTIVA'),
	(472, 12, 'JURADO', 'ACTIVA'),
	(473, 12, 'LITORAL DEL SAN JUAN', 'ACTIVA'),
	(474, 12, 'LLORO', 'ACTIVA'),
	(475, 12, 'MEDIO ATRATO', 'ACTIVA'),
	(476, 12, 'MEDIO BAUDO (BOCA DE PEPE)', 'ACTIVA'),
	(477, 12, 'MEDIO SAN JUAN', 'ACTIVA'),
	(478, 12, 'NOVITA', 'ACTIVA'),
	(479, 12, 'NUQUI', 'ACTIVA'),
	(480, 12, 'QUIBDO', 'ACTIVA'),
	(481, 12, 'RIO IRO', 'ACTIVA'),
	(482, 12, 'RIO QUITO', 'ACTIVA'),
	(483, 12, 'RIOSUCIO', 'ACTIVA'),
	(484, 12, 'SAN JOSE DEL PALMAR', 'ACTIVA'),
	(485, 12, 'SIPI', 'ACTIVA'),
	(486, 12, 'TADO', 'ACTIVA'),
	(487, 12, 'UNGUIA', 'ACTIVA'),
	(488, 12, 'UNIÓN PANAMERICANA', 'ACTIVA'),
	(489, 13, 'AYAPEL', 'ACTIVA'),
	(490, 13, 'BUENAVISTA', 'ACTIVA'),
	(491, 13, 'CANALETE', 'ACTIVA'),
	(492, 13, 'CERETÉ', 'ACTIVA'),
	(493, 13, 'CHIMA', 'ACTIVA'),
	(494, 13, 'CHINÚ', 'ACTIVA'),
	(495, 13, 'CIENAGA DE ORO', 'ACTIVA'),
	(496, 13, 'COTORRA', 'ACTIVA'),
	(497, 13, 'LA APARTADA', 'ACTIVA'),
	(498, 13, 'LORICA', 'ACTIVA'),
	(499, 13, 'LOS CÓRDOBAS', 'ACTIVA'),
	(500, 13, 'MOMIL', 'ACTIVA'),
	(501, 13, 'MONTELÍBANO', 'ACTIVA'),
	(502, 13, 'MONTERÍA', 'ACTIVA'),
	(503, 13, 'MOÑITOS', 'ACTIVA'),
	(504, 13, 'PLANETA RICA', 'ACTIVA'),
	(505, 13, 'PUEBLO NUEVO', 'ACTIVA'),
	(506, 13, 'PUERTO ESCONDIDO', 'ACTIVA'),
	(507, 13, 'PUERTO LIBERTADOR', 'ACTIVA'),
	(508, 13, 'PURÍSIMA', 'ACTIVA'),
	(509, 13, 'SAHAGÚN', 'ACTIVA'),
	(510, 13, 'SAN ANDRÉS SOTAVENTO', 'ACTIVA'),
	(511, 13, 'SAN ANTERO', 'ACTIVA'),
	(512, 13, 'SAN BERNARDO VIENTO', 'ACTIVA'),
	(513, 13, 'SAN CARLOS', 'ACTIVA'),
	(514, 13, 'SAN PELAYO', 'ACTIVA'),
	(515, 13, 'TIERRALTA', 'ACTIVA'),
	(516, 13, 'VALENCIA', 'ACTIVA'),
	(517, 14, 'AGUA DE DIOS', 'ACTIVA'),
	(518, 14, 'ALBAN', 'ACTIVA'),
	(519, 14, 'ANAPOIMA', 'ACTIVA'),
	(520, 14, 'ANOLAIMA', 'ACTIVA'),
	(521, 14, 'ARBELAEZ', 'ACTIVA'),
	(522, 14, 'BELTRÁN', 'ACTIVA'),
	(523, 14, 'BITUIMA', 'ACTIVA'),
	(524, 14, 'BOGOTÁ DC', 'ACTIVA'),
	(525, 14, 'BOJACÁ', 'ACTIVA'),
	(526, 14, 'CABRERA', 'ACTIVA'),
	(527, 14, 'CACHIPAY', 'ACTIVA'),
	(528, 14, 'CAJICÁ', 'ACTIVA'),
	(529, 14, 'CAPARRAPÍ', 'ACTIVA'),
	(530, 14, 'CAQUEZA', 'ACTIVA'),
	(531, 14, 'CARMEN DE CARUPA', 'ACTIVA'),
	(532, 14, 'CHAGUANÍ', 'ACTIVA'),
	(533, 14, 'CHIA', 'ACTIVA'),
	(534, 14, 'CHIPAQUE', 'ACTIVA'),
	(535, 14, 'CHOACHÍ', 'ACTIVA'),
	(536, 14, 'CHOCONTÁ', 'ACTIVA'),
	(537, 14, 'COGUA', 'ACTIVA'),
	(538, 14, 'COTA', 'ACTIVA'),
	(539, 14, 'CUCUNUBÁ', 'ACTIVA'),
	(540, 14, 'EL COLEGIO', 'ACTIVA'),
	(541, 14, 'EL PEÑÓN', 'ACTIVA'),
	(542, 14, 'EL ROSAL1', 'ACTIVA'),
	(543, 14, 'FACATATIVA', 'ACTIVA'),
	(544, 14, 'FÓMEQUE', 'ACTIVA'),
	(545, 14, 'FOSCA', 'ACTIVA'),
	(546, 14, 'FUNZA', 'ACTIVA'),
	(547, 14, 'FÚQUENE', 'ACTIVA'),
	(548, 14, 'FUSAGASUGA', 'ACTIVA'),
	(549, 14, 'GACHALÁ', 'ACTIVA'),
	(550, 14, 'GACHANCIPÁ', 'ACTIVA'),
	(551, 14, 'GACHETA', 'ACTIVA'),
	(552, 14, 'GAMA', 'ACTIVA'),
	(553, 14, 'GIRARDOT', 'ACTIVA'),
	(554, 14, 'GRANADA2', 'ACTIVA'),
	(555, 14, 'GUACHETÁ', 'ACTIVA'),
	(556, 14, 'GUADUAS', 'ACTIVA'),
	(557, 14, 'GUASCA', 'ACTIVA'),
	(558, 14, 'GUATAQUÍ', 'ACTIVA'),
	(559, 14, 'GUATAVITA', 'ACTIVA'),
	(560, 14, 'GUAYABAL DE SIQUIMA', 'ACTIVA'),
	(561, 14, 'GUAYABETAL', 'ACTIVA'),
	(562, 14, 'GUTIÉRREZ', 'ACTIVA'),
	(563, 14, 'JERUSALÉN', 'ACTIVA'),
	(564, 14, 'JUNÍN', 'ACTIVA'),
	(565, 14, 'LA CALERA', 'ACTIVA'),
	(566, 14, 'LA MESA', 'ACTIVA'),
	(567, 14, 'LA PALMA', 'ACTIVA'),
	(568, 14, 'LA PEÑA', 'ACTIVA'),
	(569, 14, 'LA VEGA', 'ACTIVA'),
	(570, 14, 'LENGUAZAQUE', 'ACTIVA'),
	(571, 14, 'MACHETÁ', 'ACTIVA'),
	(572, 14, 'MADRID', 'ACTIVA'),
	(573, 14, 'MANTA', 'ACTIVA'),
	(574, 14, 'MEDINA', 'ACTIVA'),
	(575, 14, 'MOSQUERA', 'ACTIVA'),
	(576, 14, 'NARIÑO', 'ACTIVA'),
	(577, 14, 'NEMOCÓN', 'ACTIVA'),
	(578, 14, 'NILO', 'ACTIVA'),
	(579, 14, 'NIMAIMA', 'ACTIVA'),
	(580, 14, 'NOCAIMA', 'ACTIVA'),
	(581, 14, 'OSPINA PÉREZ', 'ACTIVA'),
	(582, 14, 'PACHO', 'ACTIVA'),
	(583, 14, 'PAIME', 'ACTIVA'),
	(584, 14, 'PANDI', 'ACTIVA'),
	(585, 14, 'PARATEBUENO', 'ACTIVA'),
	(586, 14, 'PASCA', 'ACTIVA'),
	(587, 14, 'PUERTO SALGAR', 'ACTIVA'),
	(588, 14, 'PULÍ', 'ACTIVA'),
	(589, 14, 'QUEBRADANEGRA', 'ACTIVA'),
	(590, 14, 'QUETAME', 'ACTIVA'),
	(591, 14, 'QUIPILE', 'ACTIVA'),
	(592, 14, 'RAFAEL REYES', 'ACTIVA'),
	(593, 14, 'RICAURTE', 'ACTIVA'),
	(594, 14, 'SAN  ANTONIO DEL  TEQUENDAMA', 'ACTIVA'),
	(595, 14, 'SAN BERNARDO', 'ACTIVA'),
	(596, 14, 'SAN CAYETANO', 'ACTIVA'),
	(597, 14, 'SAN FRANCISCO', 'ACTIVA'),
	(598, 14, 'SAN JUAN DE RIOSECO', 'ACTIVA'),
	(599, 14, 'SASAIMA', 'ACTIVA'),
	(600, 14, 'SESQUILÉ', 'ACTIVA'),
	(601, 14, 'SIBATÉ', 'ACTIVA'),
	(602, 14, 'SILVANIA', 'ACTIVA'),
	(603, 14, 'SIMIJACA', 'ACTIVA'),
	(604, 14, 'SOACHA', 'ACTIVA'),
	(605, 14, 'SOPO', 'ACTIVA'),
	(606, 14, 'SUBACHOQUE', 'ACTIVA'),
	(607, 14, 'SUESCA', 'ACTIVA'),
	(608, 14, 'SUPATÁ', 'ACTIVA'),
	(609, 14, 'SUSA', 'ACTIVA'),
	(610, 14, 'SUTATAUSA', 'ACTIVA'),
	(611, 14, 'TABIO', 'ACTIVA'),
	(612, 14, 'TAUSA', 'ACTIVA'),
	(613, 14, 'TENA', 'ACTIVA'),
	(614, 14, 'TENJO', 'ACTIVA'),
	(615, 14, 'TIBACUY', 'ACTIVA'),
	(616, 14, 'TIBIRITA', 'ACTIVA'),
	(617, 14, 'TOCAIMA', 'ACTIVA'),
	(618, 14, 'TOCANCIPÁ', 'ACTIVA'),
	(619, 14, 'TOPAIPÍ', 'ACTIVA'),
	(620, 14, 'UBALÁ', 'ACTIVA'),
	(621, 14, 'UBAQUE', 'ACTIVA'),
	(622, 14, 'UBATÉ', 'ACTIVA'),
	(623, 14, 'UNE', 'ACTIVA'),
	(624, 14, 'UTICA', 'ACTIVA'),
	(625, 14, 'VERGARA', 'ACTIVA'),
	(626, 14, 'VIANI', 'ACTIVA'),
	(627, 14, 'VILLA GOMEZ', 'ACTIVA'),
	(628, 14, 'VILLA PINZÓN', 'ACTIVA'),
	(629, 14, 'VILLETA', 'ACTIVA'),
	(630, 14, 'VIOTA', 'ACTIVA'),
	(631, 14, 'YACOPÍ', 'ACTIVA'),
	(632, 14, 'ZIPACÓN', 'ACTIVA'),
	(633, 14, 'ZIPAQUIRÁ', 'ACTIVA'),
	(634, 15, 'BARRANCO MINAS', 'ACTIVA'),
	(635, 15, 'CACAHUAL', 'ACTIVA'),
	(636, 15, 'INÍRIDA', 'ACTIVA'),
	(637, 15, 'LA GUADALUPE', 'ACTIVA'),
	(638, 15, 'MAPIRIPANA', 'ACTIVA'),
	(639, 15, 'MORICHAL', 'ACTIVA'),
	(640, 15, 'PANA PANA', 'ACTIVA'),
	(641, 15, 'PUERTO COLOMBIA', 'ACTIVA'),
	(642, 15, 'SAN FELIPE', 'ACTIVA'),
	(643, 16, 'CALAMAR', 'ACTIVA'),
	(644, 16, 'EL RETORNO', 'ACTIVA'),
	(645, 16, 'MIRAFLOREZ', 'ACTIVA'),
	(646, 16, 'SAN JOSÉ DEL GUAVIARE', 'ACTIVA'),
	(647, 17, 'ACEVEDO', 'ACTIVA'),
	(648, 17, 'AGRADO', 'ACTIVA'),
	(649, 17, 'AIPE', 'ACTIVA'),
	(650, 17, 'ALGECIRAS', 'ACTIVA'),
	(651, 17, 'ALTAMIRA', 'ACTIVA'),
	(652, 17, 'BARAYA', 'ACTIVA'),
	(653, 17, 'CAMPO ALEGRE', 'ACTIVA'),
	(654, 17, 'COLOMBIA', 'ACTIVA'),
	(655, 17, 'ELIAS', 'ACTIVA'),
	(656, 17, 'GARZÓN', 'ACTIVA'),
	(657, 17, 'GIGANTE', 'ACTIVA'),
	(658, 17, 'GUADALUPE', 'ACTIVA'),
	(659, 17, 'HOBO', 'ACTIVA'),
	(660, 17, 'IQUIRA', 'ACTIVA'),
	(661, 17, 'ISNOS', 'ACTIVA'),
	(662, 17, 'LA ARGENTINA', 'ACTIVA'),
	(663, 17, 'LA PLATA', 'ACTIVA'),
	(664, 17, 'NATAGA', 'ACTIVA'),
	(665, 17, 'NEIVA', 'ACTIVA'),
	(666, 17, 'OPORAPA', 'ACTIVA'),
	(667, 17, 'PAICOL', 'ACTIVA'),
	(668, 17, 'PALERMO', 'ACTIVA'),
	(669, 17, 'PALESTINA', 'ACTIVA'),
	(670, 17, 'PITAL', 'ACTIVA'),
	(671, 17, 'PITALITO', 'ACTIVA'),
	(672, 17, 'RIVERA', 'ACTIVA'),
	(673, 17, 'SALADO BLANCO', 'ACTIVA'),
	(674, 17, 'SAN AGUSTÍN', 'ACTIVA'),
	(675, 17, 'SANTA MARIA', 'ACTIVA'),
	(676, 17, 'SUAZA', 'ACTIVA'),
	(677, 17, 'TARQUI', 'ACTIVA'),
	(678, 17, 'TELLO', 'ACTIVA'),
	(679, 17, 'TERUEL', 'ACTIVA'),
	(680, 17, 'TESALIA', 'ACTIVA'),
	(681, 17, 'TIMANA', 'ACTIVA'),
	(682, 17, 'VILLAVIEJA', 'ACTIVA'),
	(683, 17, 'YAGUARA', 'ACTIVA'),
	(684, 18, 'ALBANIA', 'ACTIVA'),
	(685, 18, 'BARRANCAS', 'ACTIVA'),
	(686, 18, 'DIBULLA', 'ACTIVA'),
	(687, 18, 'DISTRACCIÓN', 'ACTIVA'),
	(688, 18, 'EL MOLINO', 'ACTIVA'),
	(689, 18, 'FONSECA', 'ACTIVA'),
	(690, 18, 'HATO NUEVO', 'ACTIVA'),
	(691, 18, 'LA JAGUA DEL PILAR', 'ACTIVA'),
	(692, 18, 'MAICAO', 'ACTIVA'),
	(693, 18, 'MANAURE', 'ACTIVA'),
	(694, 18, 'RIOHACHA', 'ACTIVA'),
	(695, 18, 'SAN JUAN DEL CESAR', 'ACTIVA'),
	(696, 18, 'URIBIA', 'ACTIVA'),
	(697, 18, 'URUMITA', 'ACTIVA'),
	(698, 18, 'VILLANUEVA', 'ACTIVA'),
	(699, 19, 'ALGARROBO', 'ACTIVA'),
	(700, 19, 'ARACATACA', 'ACTIVA'),
	(701, 19, 'ARIGUANI', 'ACTIVA'),
	(702, 19, 'CERRO SAN ANTONIO', 'ACTIVA'),
	(703, 19, 'CHIVOLO', 'ACTIVA'),
	(704, 19, 'CIENAGA', 'ACTIVA'),
	(705, 19, 'CONCORDIA', 'ACTIVA'),
	(706, 19, 'EL BANCO', 'ACTIVA'),
	(707, 19, 'EL PIÑON', 'ACTIVA'),
	(708, 19, 'EL RETEN', 'ACTIVA'),
	(709, 19, 'FUNDACION', 'ACTIVA'),
	(710, 19, 'GUAMAL', 'ACTIVA'),
	(711, 19, 'NUEVA GRANADA', 'ACTIVA'),
	(712, 19, 'PEDRAZA', 'ACTIVA'),
	(713, 19, 'PIJIÑO DEL CARMEN', 'ACTIVA'),
	(714, 19, 'PIVIJAY', 'ACTIVA'),
	(715, 19, 'PLATO', 'ACTIVA'),
	(716, 19, 'PUEBLO VIEJO', 'ACTIVA'),
	(717, 19, 'REMOLINO', 'ACTIVA'),
	(718, 19, 'SABANAS DE SAN ANGEL', 'ACTIVA'),
	(719, 19, 'SALAMINA', 'ACTIVA'),
	(720, 19, 'SAN SEBASTIAN DE BUENAVISTA', 'ACTIVA'),
	(721, 19, 'SAN ZENON', 'ACTIVA'),
	(722, 19, 'SANTA ANA', 'ACTIVA'),
	(723, 19, 'SANTA BARBARA DE PINTO', 'ACTIVA'),
	(724, 19, 'SANTA MARTA', 'ACTIVA'),
	(725, 19, 'SITIONUEVO', 'ACTIVA'),
	(726, 19, 'TENERIFE', 'ACTIVA'),
	(727, 19, 'ZAPAYAN', 'ACTIVA'),
	(728, 19, 'ZONA BANANERA', 'ACTIVA'),
	(729, 20, 'ACACIAS', 'ACTIVA'),
	(730, 20, 'BARRANCA DE UPIA', 'ACTIVA'),
	(731, 20, 'CABUYARO', 'ACTIVA'),
	(732, 20, 'CASTILLA LA NUEVA', 'ACTIVA'),
	(733, 20, 'CUBARRAL', 'ACTIVA'),
	(734, 20, 'CUMARAL', 'ACTIVA'),
	(735, 20, 'EL CALVARIO', 'ACTIVA'),
	(736, 20, 'EL CASTILLO', 'ACTIVA'),
	(737, 20, 'EL DORADO', 'ACTIVA'),
	(738, 20, 'FUENTE DE ORO', 'ACTIVA'),
	(739, 20, 'GRANADA', 'ACTIVA'),
	(740, 20, 'GUAMAL', 'ACTIVA'),
	(741, 20, 'LA MACARENA', 'ACTIVA'),
	(742, 20, 'LA URIBE', 'ACTIVA'),
	(743, 20, 'LEJANÍAS', 'ACTIVA'),
	(744, 20, 'MAPIRIPÁN', 'ACTIVA'),
	(745, 20, 'MESETAS', 'ACTIVA'),
	(746, 20, 'PUERTO CONCORDIA', 'ACTIVA'),
	(747, 20, 'PUERTO GAITÁN', 'ACTIVA'),
	(748, 20, 'PUERTO LLERAS', 'ACTIVA'),
	(749, 20, 'PUERTO LÓPEZ', 'ACTIVA'),
	(750, 20, 'PUERTO RICO', 'ACTIVA'),
	(751, 20, 'RESTREPO', 'ACTIVA'),
	(752, 20, 'SAN  JUAN DE ARAMA', 'ACTIVA'),
	(753, 20, 'SAN CARLOS GUAROA', 'ACTIVA'),
	(754, 20, 'SAN JUANITO', 'ACTIVA'),
	(755, 20, 'SAN MARTÍN', 'ACTIVA'),
	(756, 20, 'VILLAVICENCIO', 'ACTIVA'),
	(757, 20, 'VISTA HERMOSA', 'ACTIVA'),
	(758, 21, 'ALBAN', 'ACTIVA'),
	(759, 21, 'ALDAÑA', 'ACTIVA'),
	(760, 21, 'ANCUYA', 'ACTIVA'),
	(761, 21, 'ARBOLEDA', 'ACTIVA'),
	(762, 21, 'BARBACOAS', 'ACTIVA'),
	(763, 21, 'BELEN', 'ACTIVA'),
	(764, 21, 'BUESACO', 'ACTIVA'),
	(765, 21, 'CHACHAGUI', 'ACTIVA'),
	(766, 21, 'COLON (GENOVA)', 'ACTIVA'),
	(767, 21, 'CONSACA', 'ACTIVA'),
	(768, 21, 'CONTADERO', 'ACTIVA'),
	(769, 21, 'CORDOBA', 'ACTIVA'),
	(770, 21, 'CUASPUD', 'ACTIVA'),
	(771, 21, 'CUMBAL', 'ACTIVA'),
	(772, 21, 'CUMBITARA', 'ACTIVA'),
	(773, 21, 'EL CHARCO', 'ACTIVA'),
	(774, 21, 'EL PEÑOL', 'ACTIVA'),
	(775, 21, 'EL ROSARIO', 'ACTIVA'),
	(776, 21, 'EL TABLÓN', 'ACTIVA'),
	(777, 21, 'EL TAMBO', 'ACTIVA'),
	(778, 21, 'FUNES', 'ACTIVA'),
	(779, 21, 'GUACHUCAL', 'ACTIVA'),
	(780, 21, 'GUAITARILLA', 'ACTIVA'),
	(781, 21, 'GUALMATAN', 'ACTIVA'),
	(782, 21, 'ILES', 'ACTIVA'),
	(783, 21, 'IMUES', 'ACTIVA'),
	(784, 21, 'IPIALES', 'ACTIVA'),
	(785, 21, 'LA CRUZ', 'ACTIVA'),
	(786, 21, 'LA FLORIDA', 'ACTIVA'),
	(787, 21, 'LA LLANADA', 'ACTIVA'),
	(788, 21, 'LA TOLA', 'ACTIVA'),
	(789, 21, 'LA UNION', 'ACTIVA'),
	(790, 21, 'LEIVA', 'ACTIVA'),
	(791, 21, 'LINARES', 'ACTIVA'),
	(792, 21, 'LOS ANDES', 'ACTIVA'),
	(793, 21, 'MAGUI', 'ACTIVA'),
	(794, 21, 'MALLAMA', 'ACTIVA'),
	(795, 21, 'MOSQUEZA', 'ACTIVA'),
	(796, 21, 'NARIÑO', 'ACTIVA'),
	(797, 21, 'OLAYA HERRERA', 'ACTIVA'),
	(798, 21, 'OSPINA', 'ACTIVA'),
	(799, 21, 'PASTO', 'ACTIVA'),
	(800, 21, 'PIZARRO', 'ACTIVA'),
	(801, 21, 'POLICARPA', 'ACTIVA'),
	(802, 21, 'POTOSI', 'ACTIVA'),
	(803, 21, 'PROVIDENCIA', 'ACTIVA'),
	(804, 21, 'PUERRES', 'ACTIVA'),
	(805, 21, 'PUPIALES', 'ACTIVA'),
	(806, 21, 'RICAURTE', 'ACTIVA'),
	(807, 21, 'ROBERTO PAYAN', 'ACTIVA'),
	(808, 21, 'SAMANIEGO', 'ACTIVA'),
	(809, 21, 'SAN BERNARDO', 'ACTIVA'),
	(810, 21, 'SAN LORENZO', 'ACTIVA'),
	(811, 21, 'SAN PABLO', 'ACTIVA'),
	(812, 21, 'SAN PEDRO DE CARTAGO', 'ACTIVA'),
	(813, 21, 'SANDONA', 'ACTIVA'),
	(814, 21, 'SANTA BARBARA', 'ACTIVA'),
	(815, 21, 'SANTACRUZ', 'ACTIVA'),
	(816, 21, 'SAPUYES', 'ACTIVA'),
	(817, 21, 'TAMINANGO', 'ACTIVA'),
	(818, 21, 'TANGUA', 'ACTIVA'),
	(819, 21, 'TUMACO', 'ACTIVA'),
	(820, 21, 'TUQUERRES', 'ACTIVA'),
	(821, 21, 'YACUANQUER', 'ACTIVA'),
	(822, 22, 'ABREGO', 'ACTIVA'),
	(823, 22, 'ARBOLEDAS', 'ACTIVA'),
	(824, 22, 'BOCHALEMA', 'ACTIVA'),
	(825, 22, 'BUCARASICA', 'ACTIVA'),
	(826, 22, 'CÁCHIRA', 'ACTIVA'),
	(827, 22, 'CÁCOTA', 'ACTIVA'),
	(828, 22, 'CHINÁCOTA', 'ACTIVA'),
	(829, 22, 'CHITAGÁ', 'ACTIVA'),
	(830, 22, 'CONVENCIÓN', 'ACTIVA'),
	(831, 22, 'CÚCUTA', 'ACTIVA'),
	(832, 22, 'CUCUTILLA', 'ACTIVA'),
	(833, 22, 'DURANIA', 'ACTIVA'),
	(834, 22, 'EL CARMEN', 'ACTIVA'),
	(835, 22, 'EL TARRA', 'ACTIVA'),
	(836, 22, 'EL ZULIA', 'ACTIVA'),
	(837, 22, 'GRAMALOTE', 'ACTIVA'),
	(838, 22, 'HACARI', 'ACTIVA'),
	(839, 22, 'HERRÁN', 'ACTIVA'),
	(840, 22, 'LA ESPERANZA', 'ACTIVA'),
	(841, 22, 'LA PLAYA', 'ACTIVA'),
	(842, 22, 'LABATECA', 'ACTIVA'),
	(843, 22, 'LOS PATIOS', 'ACTIVA'),
	(844, 22, 'LOURDES', 'ACTIVA'),
	(845, 22, 'MUTISCUA', 'ACTIVA'),
	(846, 22, 'OCAÑA', 'ACTIVA'),
	(847, 22, 'PAMPLONA', 'ACTIVA'),
	(848, 22, 'PAMPLONITA', 'ACTIVA'),
	(849, 22, 'PUERTO SANTANDER', 'ACTIVA'),
	(850, 22, 'RAGONVALIA', 'ACTIVA'),
	(851, 22, 'SALAZAR', 'ACTIVA'),
	(852, 22, 'SAN CALIXTO', 'ACTIVA'),
	(853, 22, 'SAN CAYETANO', 'ACTIVA'),
	(854, 22, 'SANTIAGO', 'ACTIVA'),
	(855, 22, 'SARDINATA', 'ACTIVA'),
	(856, 22, 'SILOS', 'ACTIVA'),
	(857, 22, 'TEORAMA', 'ACTIVA'),
	(858, 22, 'TIBÚ', 'ACTIVA'),
	(859, 22, 'TOLEDO', 'ACTIVA'),
	(860, 22, 'VILLA CARO', 'ACTIVA'),
	(861, 22, 'VILLA DEL ROSARIO', 'ACTIVA'),
	(862, 23, 'COLÓN', 'ACTIVA'),
	(863, 23, 'MOCOA', 'ACTIVA'),
	(864, 23, 'ORITO', 'ACTIVA'),
	(865, 23, 'PUERTO ASÍS', 'ACTIVA'),
	(866, 23, 'PUERTO CAYCEDO', 'ACTIVA'),
	(867, 23, 'PUERTO GUZMÁN', 'ACTIVA'),
	(868, 23, 'PUERTO LEGUÍZAMO', 'ACTIVA'),
	(869, 23, 'SAN FRANCISCO', 'ACTIVA'),
	(870, 23, 'SAN MIGUEL', 'ACTIVA'),
	(871, 23, 'SANTIAGO', 'ACTIVA'),
	(872, 23, 'SIBUNDOY', 'ACTIVA'),
	(873, 23, 'VALLE DEL GUAMUEZ', 'ACTIVA'),
	(874, 23, 'VILLAGARZÓN', 'ACTIVA'),
	(875, 24, 'ARMENIA', 'ACTIVA'),
	(876, 24, 'BUENAVISTA', 'ACTIVA'),
	(877, 24, 'CALARCÁ', 'ACTIVA'),
	(878, 24, 'CIRCASIA', 'ACTIVA'),
	(879, 24, 'CÓRDOBA', 'ACTIVA'),
	(880, 24, 'FILANDIA', 'ACTIVA'),
	(881, 24, 'GÉNOVA', 'ACTIVA'),
	(882, 24, 'LA TEBAIDA', 'ACTIVA'),
	(883, 24, 'MONTENEGRO', 'ACTIVA'),
	(884, 24, 'PIJAO', 'ACTIVA'),
	(885, 24, 'QUIMBAYA', 'ACTIVA'),
	(886, 24, 'SALENTO', 'ACTIVA'),
	(887, 25, 'APIA', 'ACTIVA'),
	(888, 25, 'BALBOA', 'ACTIVA'),
	(889, 25, 'BELÉN DE UMBRÍA', 'ACTIVA'),
	(890, 25, 'DOS QUEBRADAS', 'ACTIVA'),
	(891, 25, 'GUATICA', 'ACTIVA'),
	(892, 25, 'LA CELIA', 'ACTIVA'),
	(893, 25, 'LA VIRGINIA', 'ACTIVA'),
	(894, 25, 'MARSELLA', 'ACTIVA'),
	(895, 25, 'MISTRATO', 'ACTIVA'),
	(896, 25, 'PEREIRA', 'ACTIVA'),
	(897, 25, 'PUEBLO RICO', 'ACTIVA'),
	(898, 25, 'QUINCHÍA', 'ACTIVA'),
	(899, 25, 'SANTA ROSA DE CABAL', 'ACTIVA'),
	(900, 25, 'SANTUARIO', 'ACTIVA'),
	(901, 26, 'PROVIDENCIA', 'ACTIVA'),
	(902, 26, 'SAN ANDRES', 'ACTIVA'),
	(903, 26, 'SANTA CATALINA', 'ACTIVA'),
	(904, 27, 'AGUADA', 'ACTIVA'),
	(905, 27, 'ALBANIA', 'ACTIVA'),
	(906, 27, 'ARATOCA', 'ACTIVA'),
	(907, 27, 'BARBOSA', 'ACTIVA'),
	(908, 27, 'BARICHARA', 'ACTIVA'),
	(909, 27, 'BARRANCABERMEJA', 'ACTIVA'),
	(910, 27, 'BETULIA', 'ACTIVA'),
	(911, 27, 'BOLÍVAR', 'ACTIVA'),
	(912, 27, 'BUCARAMANGA', 'ACTIVA'),
	(913, 27, 'CABRERA', 'ACTIVA'),
	(914, 27, 'CALIFORNIA', 'ACTIVA'),
	(915, 27, 'CAPITANEJO', 'ACTIVA'),
	(916, 27, 'CARCASI', 'ACTIVA'),
	(917, 27, 'CEPITA', 'ACTIVA'),
	(918, 27, 'CERRITO', 'ACTIVA'),
	(919, 27, 'CHARALÁ', 'ACTIVA'),
	(920, 27, 'CHARTA', 'ACTIVA'),
	(921, 27, 'CHIMA', 'ACTIVA'),
	(922, 27, 'CHIPATÁ', 'ACTIVA'),
	(923, 27, 'CIMITARRA', 'ACTIVA'),
	(924, 27, 'CONCEPCIÓN', 'ACTIVA'),
	(925, 27, 'CONFINES', 'ACTIVA'),
	(926, 27, 'CONTRATACIÓN', 'ACTIVA'),
	(927, 27, 'COROMORO', 'ACTIVA'),
	(928, 27, 'CURITÍ', 'ACTIVA'),
	(929, 27, 'EL CARMEN', 'ACTIVA'),
	(930, 27, 'EL GUACAMAYO', 'ACTIVA'),
	(931, 27, 'EL PEÑÓN', 'ACTIVA'),
	(932, 27, 'EL PLAYÓN', 'ACTIVA'),
	(933, 27, 'ENCINO', 'ACTIVA'),
	(934, 27, 'ENCISO', 'ACTIVA'),
	(935, 27, 'FLORIÁN', 'ACTIVA'),
	(936, 27, 'FLORIDABLANCA', 'ACTIVA'),
	(937, 27, 'GALÁN', 'ACTIVA'),
	(938, 27, 'GAMBITA', 'ACTIVA'),
	(939, 27, 'GIRÓN', 'ACTIVA'),
	(940, 27, 'GUACA', 'ACTIVA'),
	(941, 27, 'GUADALUPE', 'ACTIVA'),
	(942, 27, 'GUAPOTA', 'ACTIVA'),
	(943, 27, 'GUAVATÁ', 'ACTIVA'),
	(944, 27, 'GUEPSA', 'ACTIVA'),
	(945, 27, 'HATO', 'ACTIVA'),
	(946, 27, 'JESÚS MARIA', 'ACTIVA'),
	(947, 27, 'JORDÁN', 'ACTIVA'),
	(948, 27, 'LA BELLEZA', 'ACTIVA'),
	(949, 27, 'LA PAZ', 'ACTIVA'),
	(950, 27, 'LANDAZURI', 'ACTIVA'),
	(951, 27, 'LEBRIJA', 'ACTIVA'),
	(952, 27, 'LOS SANTOS', 'ACTIVA'),
	(953, 27, 'MACARAVITA', 'ACTIVA'),
	(954, 27, 'MÁLAGA', 'ACTIVA'),
	(955, 27, 'MATANZA', 'ACTIVA'),
	(956, 27, 'MOGOTES', 'ACTIVA'),
	(957, 27, 'MOLAGAVITA', 'ACTIVA'),
	(958, 27, 'OCAMONTE', 'ACTIVA'),
	(959, 27, 'OIBA', 'ACTIVA'),
	(960, 27, 'ONZAGA', 'ACTIVA'),
	(961, 27, 'PALMAR', 'ACTIVA'),
	(962, 27, 'PALMAS DEL SOCORRO', 'ACTIVA'),
	(963, 27, 'PÁRAMO', 'ACTIVA'),
	(964, 27, 'PIEDECUESTA', 'ACTIVA'),
	(965, 27, 'PINCHOTE', 'ACTIVA'),
	(966, 27, 'PUENTE NACIONAL', 'ACTIVA'),
	(967, 27, 'PUERTO PARRA', 'ACTIVA'),
	(968, 27, 'PUERTO WILCHES', 'ACTIVA'),
	(969, 27, 'RIONEGRO', 'ACTIVA'),
	(970, 27, 'SABANA DE TORRES', 'ACTIVA'),
	(971, 27, 'SAN ANDRÉS', 'ACTIVA'),
	(972, 27, 'SAN BENITO', 'ACTIVA'),
	(973, 27, 'SAN GIL', 'ACTIVA'),
	(974, 27, 'SAN JOAQUÍN', 'ACTIVA'),
	(975, 27, 'SAN JOSÉ DE MIRANDA', 'ACTIVA'),
	(976, 27, 'SAN MIGUEL', 'ACTIVA'),
	(977, 27, 'SAN VICENTE DE CHUCURÍ', 'ACTIVA'),
	(978, 27, 'SANTA BÁRBARA', 'ACTIVA'),
	(979, 27, 'SANTA HELENA', 'ACTIVA'),
	(980, 27, 'SIMACOTA', 'ACTIVA'),
	(981, 27, 'SOCORRO', 'ACTIVA'),
	(982, 27, 'SUAITA', 'ACTIVA'),
	(983, 27, 'SUCRE', 'ACTIVA'),
	(984, 27, 'SURATA', 'ACTIVA'),
	(985, 27, 'TONA', 'ACTIVA'),
	(986, 27, 'VALLE SAN JOSÉ', 'ACTIVA'),
	(987, 27, 'VÉLEZ', 'ACTIVA'),
	(988, 27, 'VETAS', 'ACTIVA'),
	(989, 27, 'VILLANUEVA', 'ACTIVA'),
	(990, 27, 'ZAPATOCA', 'ACTIVA'),
	(991, 28, 'BUENAVISTA', 'ACTIVA'),
	(992, 28, 'CAIMITO', 'ACTIVA'),
	(993, 28, 'CHALÁN', 'ACTIVA'),
	(994, 28, 'COLOSO', 'ACTIVA'),
	(995, 28, 'COROZAL', 'ACTIVA'),
	(996, 28, 'EL ROBLE', 'ACTIVA'),
	(997, 28, 'GALERAS', 'ACTIVA'),
	(998, 28, 'GUARANDA', 'ACTIVA'),
	(999, 28, 'LA UNIÓN', 'ACTIVA'),
	(1000, 28, 'LOS PALMITOS', 'ACTIVA'),
	(1001, 28, 'MAJAGUAL', 'ACTIVA'),
	(1002, 28, 'MORROA', 'ACTIVA'),
	(1003, 28, 'OVEJAS', 'ACTIVA'),
	(1004, 28, 'PALMITO', 'ACTIVA'),
	(1005, 28, 'SAMPUES', 'ACTIVA'),
	(1006, 28, 'SAN BENITO ABAD', 'ACTIVA'),
	(1007, 28, 'SAN JUAN DE BETULIA', 'ACTIVA'),
	(1008, 28, 'SAN MARCOS', 'ACTIVA'),
	(1009, 28, 'SAN ONOFRE', 'ACTIVA'),
	(1010, 28, 'SAN PEDRO', 'ACTIVA'),
	(1011, 28, 'SINCÉ', 'ACTIVA'),
	(1012, 28, 'SINCELEJO', 'ACTIVA'),
	(1013, 28, 'SUCRE', 'ACTIVA'),
	(1014, 28, 'TOLÚ', 'ACTIVA'),
	(1015, 28, 'TOLUVIEJO', 'ACTIVA'),
	(1016, 29, 'ALPUJARRA', 'ACTIVA'),
	(1017, 29, 'ALVARADO', 'ACTIVA'),
	(1018, 29, 'AMBALEMA', 'ACTIVA'),
	(1019, 29, 'ANZOATEGUI', 'ACTIVA'),
	(1020, 29, 'ARMERO (GUAYABAL)', 'ACTIVA'),
	(1021, 29, 'ATACO', 'ACTIVA'),
	(1022, 29, 'CAJAMARCA', 'ACTIVA'),
	(1023, 29, 'CARMEN DE APICALÁ', 'ACTIVA'),
	(1024, 29, 'CASABIANCA', 'ACTIVA'),
	(1025, 29, 'CHAPARRAL', 'ACTIVA'),
	(1026, 29, 'COELLO', 'ACTIVA'),
	(1027, 29, 'COYAIMA', 'ACTIVA'),
	(1028, 29, 'CUNDAY', 'ACTIVA'),
	(1029, 29, 'DOLORES', 'ACTIVA'),
	(1030, 29, 'ESPINAL', 'ACTIVA'),
	(1031, 29, 'FALÁN', 'ACTIVA'),
	(1032, 29, 'FLANDES', 'ACTIVA'),
	(1033, 29, 'FRESNO', 'ACTIVA'),
	(1034, 29, 'GUAMO', 'ACTIVA'),
	(1035, 29, 'HERVEO', 'ACTIVA'),
	(1036, 29, 'HONDA', 'ACTIVA'),
	(1037, 29, 'IBAGUÉ', 'ACTIVA'),
	(1038, 29, 'ICONONZO', 'ACTIVA'),
	(1039, 29, 'LÉRIDA', 'ACTIVA'),
	(1040, 29, 'LÍBANO', 'ACTIVA'),
	(1041, 29, 'MARIQUITA', 'ACTIVA'),
	(1042, 29, 'MELGAR', 'ACTIVA'),
	(1043, 29, 'MURILLO', 'ACTIVA'),
	(1044, 29, 'NATAGAIMA', 'ACTIVA'),
	(1045, 29, 'ORTEGA', 'ACTIVA'),
	(1046, 29, 'PALOCABILDO', 'ACTIVA'),
	(1047, 29, 'PIEDRAS PLANADAS', 'ACTIVA'),
	(1048, 29, 'PRADO', 'ACTIVA'),
	(1049, 29, 'PURIFICACIÓN', 'ACTIVA'),
	(1050, 29, 'RIOBLANCO', 'ACTIVA'),
	(1051, 29, 'RONCESVALLES', 'ACTIVA'),
	(1052, 29, 'ROVIRA', 'ACTIVA'),
	(1053, 29, 'SALDAÑA', 'ACTIVA'),
	(1054, 29, 'SAN ANTONIO', 'ACTIVA'),
	(1055, 29, 'SAN LUIS', 'ACTIVA'),
	(1056, 29, 'SANTA ISABEL', 'ACTIVA'),
	(1057, 29, 'SUÁREZ', 'ACTIVA'),
	(1058, 29, 'VALLE DE SAN JUAN', 'ACTIVA'),
	(1059, 29, 'VENADILLO', 'ACTIVA'),
	(1060, 29, 'VILLAHERMOSA', 'ACTIVA'),
	(1061, 29, 'VILLARRICA', 'ACTIVA'),
	(1062, 30, 'ALCALÁ', 'ACTIVA'),
	(1063, 30, 'ANDALUCÍA', 'ACTIVA'),
	(1064, 30, 'ANSERMA NUEVO', 'ACTIVA'),
	(1065, 30, 'ARGELIA', 'ACTIVA'),
	(1066, 30, 'BOLÍVAR', 'ACTIVA'),
	(1067, 30, 'BUENAVENTURA', 'ACTIVA'),
	(1068, 30, 'BUGA', 'ACTIVA'),
	(1069, 30, 'BUGALAGRANDE', 'ACTIVA'),
	(1070, 30, 'CAICEDONIA', 'ACTIVA'),
	(1071, 30, 'CALI', 'ACTIVA'),
	(1072, 30, 'CALIMA (DARIEN)', 'ACTIVA'),
	(1073, 30, 'CANDELARIA', 'ACTIVA'),
	(1074, 30, 'CARTAGO', 'ACTIVA'),
	(1075, 30, 'DAGUA', 'ACTIVA'),
	(1076, 30, 'EL AGUILA', 'ACTIVA'),
	(1077, 30, 'EL CAIRO', 'ACTIVA'),
	(1078, 30, 'EL CERRITO', 'ACTIVA'),
	(1079, 30, 'EL DOVIO', 'ACTIVA'),
	(1080, 30, 'FLORIDA', 'ACTIVA'),
	(1081, 30, 'GINEBRA GUACARI', 'ACTIVA'),
	(1082, 30, 'JAMUNDÍ', 'ACTIVA'),
	(1083, 30, 'LA CUMBRE', 'ACTIVA'),
	(1084, 30, 'LA UNIÓN', 'ACTIVA'),
	(1085, 30, 'LA VICTORIA', 'ACTIVA'),
	(1086, 30, 'OBANDO', 'ACTIVA'),
	(1087, 30, 'PALMIRA', 'ACTIVA'),
	(1088, 30, 'PRADERA', 'ACTIVA'),
	(1089, 30, 'RESTREPO', 'ACTIVA'),
	(1090, 30, 'RIO FRÍO', 'ACTIVA'),
	(1091, 30, 'ROLDANILLO', 'ACTIVA'),
	(1092, 30, 'SAN PEDRO', 'ACTIVA'),
	(1093, 30, 'SEVILLA', 'ACTIVA'),
	(1094, 30, 'TORO', 'ACTIVA'),
	(1095, 30, 'TRUJILLO', 'ACTIVA'),
	(1096, 30, 'TULÚA', 'ACTIVA'),
	(1097, 30, 'ULLOA', 'ACTIVA'),
	(1098, 30, 'VERSALLES', 'ACTIVA'),
	(1099, 30, 'VIJES', 'ACTIVA'),
	(1100, 30, 'YOTOCO', 'ACTIVA'),
	(1101, 30, 'YUMBO', 'ACTIVA'),
	(1102, 30, 'ZARZAL', 'ACTIVA'),
	(1103, 31, 'CARURÚ', 'ACTIVA'),
	(1104, 31, 'MITÚ', 'ACTIVA'),
	(1105, 31, 'PACOA', 'ACTIVA'),
	(1106, 31, 'PAPUNAUA', 'ACTIVA'),
	(1107, 31, 'TARAIRA', 'ACTIVA'),
	(1108, 31, 'YAVARATÉ', 'ACTIVA'),
	(1109, 32, 'CUMARIBO', 'ACTIVA'),
	(1110, 32, 'LA PRIMAVERA', 'ACTIVA'),
	(1111, 32, 'PUERTO CARREÑO', 'ACTIVA'),
	(1112, 32, 'SANTA ROSALIA', 'ACTIVA');
/*!40000 ALTER TABLE `ciudad` ENABLE KEYS */;


-- Volcando estructura para tabla japeto.cliente
DROP TABLE IF EXISTS `cliente`;
CREATE TABLE IF NOT EXISTS `cliente` (
  `IDCLIENTE` int(11) NOT NULL AUTO_INCREMENT,
  `NOMBRECLIENTE` varchar(256) DEFAULT NULL,
  `DIRECCIONCLIENTE` varchar(256) DEFAULT NULL,
  `CIUDEPTOCLIENTE` int(11) NOT NULL,
  `TELEFONOCLIENTE` varchar(256) DEFAULT NULL,
  `NItCLIENTE` varchar(256) DEFAULT NULL,
  `CORREOCLIENTE` varchar(256) DEFAULT NULL,
  `CONTACTOCLIENTE` varchar(256) DEFAULT NULL,
  `ESTADOCLIENTE` enum('ACTIVO','INACTIVO') DEFAULT NULL,
  PRIMARY KEY (`IDCLIENTE`),
  KEY `fk_CLIENTE_CIUDAD1_idx` (`CIUDEPTOCLIENTE`),
  CONSTRAINT `fk_CLIENTE_CIUDAD1` FOREIGN KEY (`CIUDEPTOCLIENTE`) REFERENCES `ciudad` (`IDCIUDAD`) ON DELETE NO ACTION ON UPDATE NO ACTION
) ENGINE=InnoDB AUTO_INCREMENT=5 DEFAULT CHARSET=utf8;

-- Volcando datos para la tabla japeto.cliente: ~4 rows (aproximadamente)
/*!40000 ALTER TABLE `cliente` DISABLE KEYS */;
INSERT INTO `cliente` (`IDCLIENTE`, `NOMBRECLIENTE`, `DIRECCIONCLIENTE`, `CIUDEPTOCLIENTE`, `TELEFONOCLIENTE`, `NItCLIENTE`, `CORREOCLIENTE`, `CONTACTOCLIENTE`, `ESTADOCLIENTE`) VALUES
	(1, 'AB Creaciones', 'Calle 44 No 11D-119', 1071, '370 3695', 'NIT-222333444555', 'abcreaciones@abcreaciones.com', 'Esmeralda vargas', 'ACTIVO'),
	(2, 'Arquiplott', 'Cra 23 No 13a-75', 1071, '554 5029', 'NIT-4455444', 'Arquiplott@Arquiplott.com', 'Hernan', 'ACTIVO'),
	(3, 'Artes Vivas', 'Cra 28 No 7- 83', 1071, '5566592- 5586967', 'NIT-4455444', 'Artes@Artes.com', 'olmes', 'ACTIVO'),
	(4, 'Sttok publicidad', 'Cra 5 No. 17-53', 1073, '554 5029', 'NIT-4455444', 'publicidad@publicidad.com', 'fabian ramos', 'ACTIVO');
/*!40000 ALTER TABLE `cliente` ENABLE KEYS */;


-- Volcando estructura para tabla japeto.departamento
DROP TABLE IF EXISTS `departamento`;
CREATE TABLE IF NOT EXISTS `departamento` (
  `IDDEPARTAMENTO` int(11) NOT NULL AUTO_INCREMENT,
  `DDESCRIPCION` varchar(100) DEFAULT NULL,
  PRIMARY KEY (`IDDEPARTAMENTO`)
) ENGINE=InnoDB AUTO_INCREMENT=33 DEFAULT CHARSET=utf8;

-- Volcando datos para la tabla japeto.departamento: ~32 rows (aproximadamente)
/*!40000 ALTER TABLE `departamento` DISABLE KEYS */;
INSERT INTO `departamento` (`IDDEPARTAMENTO`, `DDESCRIPCION`) VALUES
	(1, 'AMAZONAS'),
	(2, 'ANTIOQUIA'),
	(3, 'ARAUCA'),
	(4, 'ATLÁNTICO'),
	(5, 'BOLÍVAR'),
	(6, 'BOYACÁ'),
	(7, 'CALDAS'),
	(8, 'CAQUETÁ'),
	(9, 'CASANARE'),
	(10, 'CAUCA'),
	(11, 'CESAR'),
	(12, 'CHOCÓ'),
	(13, 'CÓRDOBA'),
	(14, 'CUNDINAMARCA'),
	(15, 'GUAINÍA'),
	(16, 'GUAVIARE'),
	(17, 'HUILA'),
	(18, 'LA GUAJIRA'),
	(19, 'MAGDALENA'),
	(20, 'META'),
	(21, 'NARIÑO'),
	(22, 'NORTE DE SANTANDER'),
	(23, 'PUTUMAYO'),
	(24, 'QUINDÍO'),
	(25, 'RISARALDA'),
	(26, 'SAN ANDRÉS Y ROVIDENCIA'),
	(27, 'SANTANDER'),
	(28, 'SUCRE'),
	(29, 'TOLIMA'),
	(30, 'VALLE DEL CAUCA'),
	(31, 'VAUPÉS'),
	(32, 'VICHADA');
/*!40000 ALTER TABLE `departamento` ENABLE KEYS */;


-- Volcando estructura para tabla japeto.detallefactura
DROP TABLE IF EXISTS `detallefactura`;
CREATE TABLE IF NOT EXISTS `detallefactura` (
  `DETPRODUCTO` int(11) NOT NULL,
  `DETFACTURA` int(11) NOT NULL,
  `DETCLIENTE` int(11) NOT NULL,
  `DETCANTIDAD` int(11) NOT NULL,
  `DETVALOR` int(11) NOT NULL,
  PRIMARY KEY (`DETPRODUCTO`,`DETFACTURA`),
  KEY `fk_DETALLEFACTURA_PRODUCTO1_idx` (`DETPRODUCTO`),
  KEY `fk_DETALLEFACTURA_FACTURA1_idx` (`DETFACTURA`),
  KEY `fk_DETALLEFACTURA_CLIENTE1_idx` (`DETCLIENTE`),
  CONSTRAINT `fk_DETALLEFACTURA_CLIENTE1` FOREIGN KEY (`DETCLIENTE`) REFERENCES `cliente` (`IDCLIENTE`) ON DELETE NO ACTION ON UPDATE NO ACTION,
  CONSTRAINT `fk_DETALLEFACTURA_FACTURA1` FOREIGN KEY (`DETFACTURA`) REFERENCES `factura` (`IDFACTURA`) ON DELETE NO ACTION ON UPDATE NO ACTION,
  CONSTRAINT `fk_DETALLEFACTURA_PRODUCTO1` FOREIGN KEY (`DETPRODUCTO`) REFERENCES `producto` (`IDPRODUCTO`) ON DELETE NO ACTION ON UPDATE NO ACTION
) ENGINE=InnoDB DEFAULT CHARSET=utf8;

-- Volcando datos para la tabla japeto.detallefactura: ~17 rows (aproximadamente)
/*!40000 ALTER TABLE `detallefactura` DISABLE KEYS */;
INSERT INTO `detallefactura` (`DETPRODUCTO`, `DETFACTURA`, `DETCLIENTE`, `DETCANTIDAD`, `DETVALOR`) VALUES
	(1, 14, 2, 2, 1900),
	(1, 15, 4, 1, 1900),
	(1, 16, 1, 2, 1900),
	(1, 22, 1, 1, 1900),
	(2, 11, 1, 2, 1900),
	(2, 12, 1, 3, 3200),
	(2, 14, 2, 2, 1900),
	(2, 15, 4, 1, 1900),
	(2, 17, 2, 1, 1900),
	(2, 18, 2, 1, 1900),
	(2, 19, 1, 1, 1900),
	(3, 17, 2, 1, 1900),
	(3, 18, 2, 1, 1900),
	(4, 19, 1, 1, 3000),
	(4, 21, 4, 1, 3000),
	(5, 13, 1, 2, 3500),
	(5, 17, 3, 1, 3000),
	(6, 20, 1, 1, 3000);
/*!40000 ALTER TABLE `detallefactura` ENABLE KEYS */;


-- Volcando estructura para tabla japeto.factura
DROP TABLE IF EXISTS `factura`;
CREATE TABLE IF NOT EXISTS `factura` (
  `IDFACTURA` int(11) NOT NULL AUTO_INCREMENT,
  `FECHAFACTURA` date DEFAULT NULL,
  `CODFACTURA` int(11) DEFAULT NULL,
  `CLIENTEFACTURA` int(11) DEFAULT NULL,
  `ESTADOFACTURA` varchar(256) DEFAULT NULL,
  `MONTOFACTURA` int(11) DEFAULT NULL,
  `DETALLEFACTURA` varchar(512) DEFAULT NULL,
  `VENCIMIENTOFACTURA` date DEFAULT NULL,
  `USUARIOFACTURA` int(11) NOT NULL,
  PRIMARY KEY (`IDFACTURA`),
  KEY `fk_LISTAFACTURAS_CLIENTE1_idx` (`CLIENTEFACTURA`),
  KEY `fk_FACTURA_USUARIO1_idx` (`USUARIOFACTURA`),
  CONSTRAINT `fk_FACTURA_USUARIO1` FOREIGN KEY (`USUARIOFACTURA`) REFERENCES `usuario` (`IDUSUARIO`) ON DELETE NO ACTION ON UPDATE NO ACTION,
  CONSTRAINT `fk_LISTAFACTURAS_CLIENTE1` FOREIGN KEY (`CLIENTEFACTURA`) REFERENCES `cliente` (`IDCLIENTE`) ON DELETE NO ACTION ON UPDATE NO ACTION
) ENGINE=InnoDB AUTO_INCREMENT=23 DEFAULT CHARSET=utf8;

-- Volcando datos para la tabla japeto.factura: ~11 rows (aproximadamente)
/*!40000 ALTER TABLE `factura` DISABLE KEYS */;
INSERT INTO `factura` (`IDFACTURA`, `FECHAFACTURA`, `CODFACTURA`, `CLIENTEFACTURA`, `ESTADOFACTURA`, `MONTOFACTURA`, `DETALLEFACTURA`, `VENCIMIENTOFACTURA`, `USUARIOFACTURA`) VALUES
	(11, '2015-02-16', 1212, 1, 'CANCELADO', 418000, '2', '2015-02-16', 3),
	(12, '2015-02-18', 1213, 1, 'CANCELADO', 800000, '2', '2015-03-01', 3),
	(13, '2015-02-28', 1314, 1, 'CANCELADO', 1000000, '5', '2015-03-01', 3),
	(14, '2015-03-01', 7415, 2, 'CANCELADO', 1026000, '2-1', '2015-03-01', 1),
	(15, '2015-03-01', 7416, 4, 'CANCELADO', 513000, '1-2', '2015-03-01', 1),
	(16, '2015-03-01', 7417, 1, 'CANCELADO', 608000, '1', '2015-03-01', 1),
	(17, '2015-03-01', 7418, 3, 'CANCELADO', 330000, '5', '2015-03-01', 1),
	(18, '2015-03-01', 7418, 2, 'CANCELADO', 446500, '3-2', '2015-03-01', 1),
	(19, '2015-03-01', 7879, 1, 'CANCELADO', 689000, '4-2', '2015-03-01', 1),
	(20, '2015-03-01', 7880, 1, 'CANCELADO', 375000, '6', '2015-03-01', 1),
	(21, '2015-03-01', 4148, 4, 'CANCELADO', 480000, '4', '2015-03-01', 1),
	(22, '2015-03-01', 7419, 1, 'CANCELADA', 304000, '1', '2015-03-01', 1);
/*!40000 ALTER TABLE `factura` ENABLE KEYS */;


-- Volcando estructura para tabla japeto.inventario
DROP TABLE IF EXISTS `inventario`;
CREATE TABLE IF NOT EXISTS `inventario` (
  `IDINVENTARIO` int(11) NOT NULL AUTO_INCREMENT,
  `NOMBREPRODUCTO` varchar(256) DEFAULT NULL,
  `CANTIDADENINVENTARIO` int(11) DEFAULT NULL,
  `VCONTADOINVENTARIO` int(11) DEFAULT NULL,
  `VCREDITOINVENTARIO` int(11) DEFAULT NULL,
  `FECHAINVENTARIO` date DEFAULT NULL,
  `LIMITEENINVENTARIO` int(11) DEFAULT NULL,
  PRIMARY KEY (`IDINVENTARIO`)
) ENGINE=InnoDB AUTO_INCREMENT=6 DEFAULT CHARSET=utf8;

-- Volcando datos para la tabla japeto.inventario: ~5 rows (aproximadamente)
/*!40000 ALTER TABLE `inventario` DISABLE KEYS */;
INSERT INTO `inventario` (`IDINVENTARIO`, `NOMBREPRODUCTO`, `CANTIDADENINVENTARIO`, `VCONTADOINVENTARIO`, `VCREDITOINVENTARIO`, `FECHAINVENTARIO`, `LIMITEENINVENTARIO`) VALUES
	(1, 'BANNER 10 Oz', 7665, 1900, 2000, '2015-01-11', 5000),
	(2, 'BANNER 13 Oz', 5475, 3000, 3500, '2015-01-11', 4000),
	(3, 'PANAFLEX 18 Oz', 28985, 2800, 2900, '2015-01-11', 4000),
	(4, 'MICROPERFORADO', 28985, 4000, 4100, '2015-01-11', 4000),
	(5, 'VINILO', 28985, 1600, 1800, '2015-01-11', 4000);
/*!40000 ALTER TABLE `inventario` ENABLE KEYS */;


-- Volcando estructura para tabla japeto.producto
DROP TABLE IF EXISTS `producto`;
CREATE TABLE IF NOT EXISTS `producto` (
  `IDPRODUCTO` int(11) NOT NULL AUTO_INCREMENT,
  `CODPRODUCTO` varchar(256) DEFAULT NULL,
  `REFERENCIAPRODUCTO` varchar(256) DEFAULT NULL,
  `MEDIDASPRODUCTO` varchar(256) DEFAULT NULL,
  `VOLUMENPRODUCTO` varchar(256) DEFAULT NULL,
  `AREAPRODUCTO` decimal(10,2) DEFAULT NULL,
  `DESCRIPCIONPRODUCTO` varchar(512) DEFAULT NULL,
  `ANCHOPRODUCTO` decimal(10,2) DEFAULT NULL,
  `LARGOPRODUCTO` decimal(10,2) DEFAULT NULL,
  `CATEGORIAPRODUCTO` int(11) NOT NULL,
  PRIMARY KEY (`IDPRODUCTO`),
  KEY `fk_PRODUCTO_INVENTARIO1_idx` (`CATEGORIAPRODUCTO`),
  CONSTRAINT `fk_PRODUCTO_INVENTARIO1` FOREIGN KEY (`CATEGORIAPRODUCTO`) REFERENCES `inventario` (`IDINVENTARIO`) ON DELETE NO ACTION ON UPDATE NO ACTION
) ENGINE=InnoDB AUTO_INCREMENT=7 DEFAULT CHARSET=utf8;

-- Volcando datos para la tabla japeto.producto: ~6 rows (aproximadamente)
/*!40000 ALTER TABLE `producto` DISABLE KEYS */;
INSERT INTO `producto` (`IDPRODUCTO`, `CODPRODUCTO`, `REFERENCIAPRODUCTO`, `MEDIDASPRODUCTO`, `VOLUMENPRODUCTO`, `AREAPRODUCTO`, `DESCRIPCIONPRODUCTO`, `ANCHOPRODUCTO`, `LARGOPRODUCTO`, `CATEGORIAPRODUCTO`) VALUES
	(1, 'B10_320', 'BANNER 3,20X50 10 Oz', '3.20x50', '10 Oz', 160.00, 'Sustrato blanco resistente y grueso que otros materiales ideal para vallas o pancartas.', 3.20, 50.00, 1),
	(2, 'B10_220', 'BANNER 2,20X50 10 oz', '2.20x50', '10 Oz', 110.00, 'Sustrato blanco resistente y grueso que otros materiales ideal para vallas o pancartas.', 2.20, 50.00, 1),
	(3, 'B10_250', 'BANNER 2,50X50 10 oz', '2.50x50', '10 Oz', 125.00, 'Sustrato blanco resistente y grueso que otros materiales ideal para vallas o pancartas.', 2.50, 50.00, 1),
	(4, 'B13_320', 'BANNER 3,20X50 13 oz', '3.20x50', '13 Oz', 160.00, 'Sustrato blanco resistente y grueso que otros materiales ideal para vallas o pancartas.', 3.20, 50.00, 2),
	(5, 'B13_220', 'BANNER 2,20X50 13 oz', '2.20x50', '13 Oz', 110.00, 'Sustrato blanco resistente y grueso que otros materiales ideal para vallas o pancartas.', 2.20, 50.00, 2),
	(6, 'B13_250', 'BANNER 2,50X50 13 oz', '2.50x50', '13 Oz', 125.00, 'Sustrato blanco resistente y grueso que otros materiales ideal para vallas o pancartas.', 2.50, 50.00, 2);
/*!40000 ALTER TABLE `producto` ENABLE KEYS */;


-- Volcando estructura para tabla japeto.roles
DROP TABLE IF EXISTS `roles`;
CREATE TABLE IF NOT EXISTS `roles` (
  `IDROLES` int(11) NOT NULL,
  `NOMBREROL` varchar(256) NOT NULL,
  `DESCRIPCIONROL` varchar(512) NOT NULL,
  PRIMARY KEY (`IDROLES`)
) ENGINE=InnoDB DEFAULT CHARSET=utf8;

-- Volcando datos para la tabla japeto.roles: ~7 rows (aproximadamente)
/*!40000 ALTER TABLE `roles` DISABLE KEYS */;
INSERT INTO `roles` (`IDROLES`, `NOMBREROL`, `DESCRIPCIONROL`) VALUES
	(1, 'RAIZ', 'USUARIO RAIZ DEL SISTEMA'),
	(2, 'INVITADO', 'INVITADO'),
	(3, 'ADMIN', 'GRUPO DE ADMINISTRADORES'),
	(4, 'COMMONUSER', 'USUARIO'),
	(5, 'SUPERVISOR', 'SUPER'),
	(6, 'EMPLEADO', 'OTROS ROLES-EMPLEADO'),
	(7, 'ENCARGADO', 'OTROS ROLES-ENCARGADO');
/*!40000 ALTER TABLE `roles` ENABLE KEYS */;


-- Volcando estructura para tabla japeto.sistema
DROP TABLE IF EXISTS `sistema`;
CREATE TABLE IF NOT EXISTS `sistema` (
  `CONSECUTIVOIVA` int(11) NOT NULL,
  `CONSECUTIVO` int(11) NOT NULL
) ENGINE=InnoDB DEFAULT CHARSET=utf8 COMMENT='Esta no tiene relacion con el resto de las tablas';

-- Volcando datos para la tabla japeto.sistema: ~0 rows (aproximadamente)
/*!40000 ALTER TABLE `sistema` DISABLE KEYS */;
INSERT INTO `sistema` (`CONSECUTIVOIVA`, `CONSECUTIVO`) VALUES
	(7420, 7881);
/*!40000 ALTER TABLE `sistema` ENABLE KEYS */;


-- Volcando estructura para tabla japeto.usuario
DROP TABLE IF EXISTS `usuario`;
CREATE TABLE IF NOT EXISTS `usuario` (
  `IDUSUARIO` int(11) NOT NULL AUTO_INCREMENT,
  `NOMBREUSUARIO` varchar(256) NOT NULL,
  `NICKUSUARIO` varchar(256) NOT NULL,
  `TELEFONOUSUARIO` varchar(45) DEFAULT NULL,
  `EMAILUSUSARIO` varchar(256) DEFAULT NULL,
  `ESTADOUSUSARIO` int(11) NOT NULL,
  `PREGUNTAUSUARIO` varchar(256) DEFAULT NULL,
  `RESPUESTAUSUSARIO` varchar(256) DEFAULT NULL,
  `INTENTOSUSUARIO` int(11) DEFAULT NULL,
  `ACCESO_IDACCESO` int(11) NOT NULL,
  PRIMARY KEY (`IDUSUARIO`),
  KEY `fk_USUARIO_ACCESO_idx` (`ACCESO_IDACCESO`),
  CONSTRAINT `fk_USUARIO_ACCESO` FOREIGN KEY (`ACCESO_IDACCESO`) REFERENCES `acceso` (`IDACCESO`) ON DELETE NO ACTION ON UPDATE NO ACTION
) ENGINE=InnoDB AUTO_INCREMENT=4 DEFAULT CHARSET=utf8;

-- Volcando datos para la tabla japeto.usuario: ~3 rows (aproximadamente)
/*!40000 ALTER TABLE `usuario` DISABLE KEYS */;
INSERT INTO `usuario` (`IDUSUARIO`, `NOMBREUSUARIO`, `NICKUSUARIO`, `TELEFONOUSUARIO`, `EMAILUSUSARIO`, `ESTADOUSUSARIO`, `PREGUNTAUSUARIO`, `RESPUESTAUSUSARIO`, `INTENTOSUSUARIO`, `ACCESO_IDACCESO`) VALUES
	(1, 'root', 'root', '######', 'root@root.com', 1, '1', 'no tengo fecha soy el root', 0, 1),
	(2, 'invitadO', 'invitado', '########', 'correoinvitado@inventorysoftware.com', 0, '2', 'no se la pregunta', 0, 2),
	(3, 'Jefferson Amado Pena Torres', 'japeto', '403-0753', 'jeffersonamado@sigo.com', 1, '6', 'Siempre esta conmigo', 0, 3);
/*!40000 ALTER TABLE `usuario` ENABLE KEYS */;
/*!40101 SET SQL_MODE=IFNULL(@OLD_SQL_MODE, '') */;
/*!40014 SET FOREIGN_KEY_CHECKS=IF(@OLD_FOREIGN_KEY_CHECKS IS NULL, 1, @OLD_FOREIGN_KEY_CHECKS) */;
/*!40101 SET CHARACTER_SET_CLIENT=@OLD_CHARACTER_SET_CLIENT */;
